recording_id,source_file,signal_id,class,label,window_id,start_sample,end_sample,RMS,Variance,Std,Kurtosis,Crest_Factor,Peak_to_Peak,Maximum,Minimum,Dominant_Frequency,Spectral_Centroid,Spectral_RMS,Total_Spectral_Energy,Low_Frequency_Energy,Mid_Frequency_Energy,High_Frequency_Energy
B007_3_X121,B007_3.mat,X121,Ball,1,0,0,12000,0.1547666237361117,0.02395270782267517,0.1547666237361117,2.8334278562142243,4.009166437011532,1.233532375249501,0.6204851534564205,-0.6130472217930805,3380.0,2693.925740973178,16.9524215579167,1724594.9646605905,77840.86660217462,383991.0980234688,1262763.000034947
B007_3_X121,B007_3.mat,X121,Ball,1,1,6000,18000,0.15411528258421517,0.023751520326012496,0.15411528258421517,2.8468812027803323,3.980371232875286,1.1688831936127744,0.5554471562641384,-0.613436037348636,3380.0,2702.8121541818205,16.881076648029303,1710109.463528638,80363.4216312961,392534.9187244258,1237211.123172916
B007_3_X121,B007_3.mat,X121,Ball,1,2,12000,24000,0.15409908795830204,0.02374652890958051,0.15409908795830204,2.846700484311776,3.837366868368561,1.1360712974051896,0.5447365628243512,-0.5913347345808383,3438.0,2700.9803858707915,16.879302776787632,1709750.0842450543,79819.93991020173,382210.2009808109,1247719.9433540415
B007_3_X121,B007_3.mat,X121,Ball,1,3,18000,30000,0.1546445315540358,0.023914931139567167,0.1546445315540358,2.782017672520308,3.5226366087597154,1.0431584031936127,0.5447564882002661,-0.4984019149933467,3381.0,2708.1082776682024,16.939048190007163,1721875.052853893,77650.49732182758,385281.61924199015,1258942.9362900753
B007_3_X121,B007_3.mat,X121,Ball,1,4,24000,36000,0.1547568091901086,0.02394966999070368,0.1547568091901086,2.7504862549896596,3.3587065563543708,1.0257778443113774,0.5197827096706588,-0.5059951346407185,3380.0,2714.669584769031,16.95134654643855,1724376.2465744626,77265.22602215938,396825.26647974586,1250285.7540725574
B007_3_X121,B007_3.mat,X121,Ball,1,5,30000,42000,0.15450186572791588,0.02387082651340695,0.15450186572791588,2.853548113841269,3.81969830603331,1.173431377245509,0.5901505148037259,-0.5832808624417831,3381.0,2709.7277008545493,16.923421186745173,1718699.5101685165,79973.73080043038,397397.408280528,1241328.371087558
B007_3_X121,B007_3.mat,X121,Ball,1,6,36000,48000,0.15343555282387203,0.02354246887036722,0.15343555282387203,2.9447442555007814,3.8455349308389186,1.173431377245509,0.5900417780206255,-0.5833895992248835,3381.0,2715.5377598235987,16.8066221912832,1695057.7594326776,79380.85869344004,386818.1309441425,1228858.7697950953
B007_3_X121,B007_3.mat,X121,Ball,1,7,42000,54000,0.15628512551566703,0.024425040457447797,0.15628512551566703,2.903467815732406,4.030682176764972,1.1661217964071855,0.5361861264936792,-0.6299356699135064,3381.0,2724.5061124958506,17.118751257072336,1758602.9192536953,75082.54931940087,399083.9541100576,1284436.4158242368
B007_3_X121,B007_3.mat,X121,Ball,1,8,48000,60000,0.15890826936966373,0.025251838074061613,0.15890826936966373,2.8201897255365127,3.964385330905012,1.2090046706586826,0.579031058606121,-0.6299736120525615,3381.0,2738.460425032804,17.40607829650108,1818132.341545219,75286.72343929764,414525.74446735973,1328319.8736385617
B007_3_X121,B007_3.mat,X121,Ball,1,9,54000,66000,0.15858411517243653,0.025148921585024613,0.15858411517243653,2.8065850821949696,3.6505994686395855,1.1159293413173652,0.5789270865868262,-0.537002254730539,3381.0,2743.9583169629454,17.370571943516662,1810722.3546389742,77102.13710310863,417818.6975226691,1315801.5200131964
B007_3_X121,B007_3.mat,X121,Ball,1,10,60000,72000,0.1565626862596911,0.02451187472885047,0.1565626862596911,2.8617449026322253,3.6870793036747727,1.1297363273453094,0.5772590402395209,-0.5524772871057885,3382.0,2724.3585970568442,17.149153967954113,1764854.9843813947,75586.1504375871,410115.07600760466,1279153.757936203
B007_3_X121,B007_3.mat,X121,Ball,1,11,66000,78000,0.15373150537241687,0.02363337574406944,0.15373150537241687,3.099748166887071,4.715886003436444,1.3920690618762475,0.6670888073985363,-0.7249802544777112,3382.0,2727.03158379431,16.839039478806743,1701603.0566634415,76573.00619226547,397109.8541576328,1227920.1963135432
B007_3_X121,B007_3.mat,X121,Ball,1,12,72000,84000,0.15145469706429715,0.022938525262838017,0.15145469706429715,3.125776030524492,4.787310488986254,1.3920690618762475,0.6670084020093148,-0.7250606598669327,3382.0,2717.5324054823536,16.5896484873931,1651573.83804852,77946.44454457743,397961.5430556355,1175665.850448307
B007_3_X121,B007_3.mat,X121,Ball,1,13,78000,90000,0.15178602995976356,0.023038998890946245,0.15178602995976356,2.9993551414289867,4.070472840931856,1.1748932934131737,0.6178409125881571,-0.5570523808250165,3382.0,2709.2184983111033,16.625941067512848,1658807.9201988417,77530.32872046484,404421.4553419347,1176856.1361364422
B007_3_X121,B007_3.mat,X121,Ball,1,14,84000,96000,0.15165292960552823,0.022998611057939305,0.15165292960552823,3.02781745032096,3.8916682656302717,1.1752181636726546,0.5901828935395874,-0.5850352701330672,3382.0,2714.628927047074,16.611361904895883,1655900.0033568926,80214.49792638447,398934.6665406374,1176750.8388898708
B007_3_X121,B007_3.mat,X121,Ball,1,15,90000,102000,0.14911787988049593,0.022236142100054014,0.14911787988049593,2.8883798708977197,3.9581162145628617,1.1752181636726546,0.5902258982401862,-0.5849922654324684,3382.0,2707.935439609048,16.333684241508653,1601002.2346487502,80446.42137934791,392052.03377831983,1128503.7794910823
B007_3_X121,B007_3.mat,X121,Ball,1,16,96000,108000,0.15067077070025398,0.022701681143408516,0.15067077070025398,2.8473193173654394,3.664145090126787,1.0753205588822354,0.5520795646906187,-0.5232409941916167,3381.0,2706.299248549397,16.503780730547067,1634521.0451902621,80798.60824456223,384732.7541368166,1168989.6828088833
B007_3_X121,B007_3.mat,X121,Ball,1,17,102000,114000,0.15198181495887575,0.023098472078193946,0.15198181495887575,2.900616582596795,3.6311644095114093,1.1030969660678642,0.5518709573752495,-0.5512260086926148,3381.0,2714.9919203735617,16.64738647793222,1663089.994750389,79531.49475089338,388191.5112057407,1195366.9887937547
B007_3_X121,B007_3.mat,X121,Ball,1,18,108000,120000,0.14931749056125598,0.022295712987510773,0.14931749056125598,2.8626696889864953,3.6930818146768476,1.0368234331337325,0.4853817241250831,-0.5514417090086494,3381.0,2727.003509136545,16.355548886504444,1605291.3802523995,74494.26249543214,370923.9177254045,1159873.200031563
IR007_0_X105,IR007_0.mat,X105,Inner Race,2,0,0,12000,0.28890600468357347,0.08346667954222499,0.28890600468357347,5.63370351657837,5.432282239583443,2.7946964071856284,1.5694189581570193,-1.2252774490286094,3587.0,2771.3470148597403,31.645430258525142,6009600.970739318,318002.0577829231,3301918.0706173107,2389680.8423390845
IR007_0_X105,IR007_0.mat,X105,Inner Race,2,1,6000,18000,0.28937668095303126,0.08373886347939245,0.28937668095303126,5.509144989702378,5.425487898343285,2.796970499001996,1.5700096805788422,-1.2269608184231537,3587.0,2763.711949164478,31.696986183041535,6029198.297460644,319615.07815172966,3289133.818144636,2420449.401164278
IR007_0_X105,IR007_0.mat,X105,Inner Race,2,2,12000,24000,0.2891423143296357,0.08360327793589788,0.2891423143296357,5.1307995177376915,5.177038351436152,2.723549820359281,1.496900850312708,-1.2266489700465735,3587.0,2750.3184325471293,31.671314828211894,6019436.169869236,325638.3431065089,3291019.6211139807,2402778.205648747
IR007_0_X105,IR007_0.mat,X105,Inner Race,2,3,18000,30000,0.29180356706203875,0.08514932175012975,0.29180356706203875,5.037656387617785,5.106766771786618,2.7399557684630738,1.4901727601663342,-1.2497830082967398,3587.0,2741.8768002739234,31.96281590475197,6130751.2249669535,324089.0946765429,3333013.9583115317,2473648.171978879
IR007_0_X105,IR007_0.mat,X105,Inner Race,2,4,24000,36000,0.29361131306374133,0.08620760315901432,0.29361131306374133,5.172307720061163,5.532211443941951,2.8744520558882236,1.6243198662075848,-1.2501321896806388,3587.0,2755.6099840908973,32.16082841953749,6206947.626670213,319514.60604689666,3388730.6826150967,2498702.338008221
IR007_0_X105,IR007_0.mat,X105,Inner Race,2,5,30000,42000,0.2926432625827598,0.08564007913508209,0.2926432625827598,5.4416607972523305,5.5504078563944415,2.8140261876247505,1.6242894637658019,-1.1897367238589487,3587.0,2770.5500124492933,32.05479214708767,6166085.707257552,318181.4687081946,3375306.384155994,2472597.8543933635
IR007_0_X105,IR007_0.mat,X105,Inner Race,2,6,36000,48000,0.29133163196676204,0.08487411978441689,0.29133163196676204,5.588959763990422,5.795043837143943,2.997253013972056,1.6882795783998668,-1.3089734355721891,3587.0,2766.0999036919857,31.91112224574627,6110936.657620758,314035.2728057946,3377758.459651597,2419142.9251633664
IR007_0_X105,IR007_0.mat,X105,Inner Race,2,7,42000,54000,0.2921047952766538,0.08532521142361581,0.2921047952766538,5.487816003949943,5.780550824421382,2.997253013972056,1.6885266151596805,-1.3087263988123754,3587.0,2755.4286053957458,31.99581090106779,6143415.223216549,310379.6601638651,3380719.4692601888,2452316.093792496
IR007_0_X105,IR007_0.mat,X105,Inner Race,2,8,48000,60000,0.2906052952755096,0.08445143764216612,0.2906052952755096,5.464793083266317,5.677312788484988,2.92643129740519,1.649857159274784,-1.2765741381304059,3587.0,2765.2129446982635,31.831562595597752,6080503.512042025,315499.31651080295,3315485.7932158117,2449518.40231541
IR007_0_X105,IR007_0.mat,X105,Inner Race,2,9,54000,66000,0.2888568143160101,0.08343825917679396,0.2888568143160101,5.445027204407401,5.460344903390847,2.853335489021956,1.5772578338656023,-1.276077655156354,3587.0,2781.2960742038968,31.64004206114169,6007554.662046522,319695.05456821324,3241902.147989765,2445957.459488543
IR007_0_X105,IR007_0.mat,X105,Inner Race,2,10,60000,72000,0.29046544163492594,0.08437017278417258,0.29046544163492594,5.267016715247314,5.1158343872909375,2.7025956886227545,1.4859730946407186,-1.2166225939820359,3587.0,2776.161222154731,31.816243681892228,6074652.4455153085,315860.16713189316,3231424.831324637,2527367.4470587787
IR007_0_X105,IR007_0.mat,X105,Inner Race,2,11,66000,78000,0.2928745486922564,0.08577550127169287,0.2928745486922564,5.05689773138362,5.125646545493151,2.700321596806387,1.501171418772455,-1.1991501780339322,3587.0,2759.237032621156,32.0801261396292,6175836.093300259,312686.75765045296,3346246.915517019,2516902.4201327865
IR007_0_X105,IR007_0.mat,X105,Inner Race,2,12,72000,84000,0.293565749521341,0.08618084929202674,0.293565749521341,5.052936980465346,5.113588488443109,2.676768502994012,1.501174437358616,-1.175594065635396,3587.0,2750.4588075040547,32.15583709371846,6205021.153045757,308028.118369749,3447887.7148577347,2449105.319818274
IR007_0_X105,IR007_0.mat,X105,Inner Race,2,13,78000,90000,0.2920946176056557,0.08531926563419422,0.2920946176056557,5.318302071938415,5.910770537209901,2.9608675449101796,1.7265042598270126,-1.2343632850831672,3587.0,2767.8009405819635,31.99469609808667,6142987.1310319435,304919.3804808259,3444222.3356662,2393845.414884918
IR007_0_X105,IR007_0.mat,X105,Inner Race,2,14,84000,96000,0.2913623994487084,0.08489204781250871,0.2913623994487084,5.572688320263356,5.926016258864045,2.9608675449101796,1.7266183163606121,-1.2342492285495676,3587.0,2778.07641092712,31.914492323132837,6112227.456280071,310170.2244757217,3365232.6517568654,2436824.580047484
IR007_0_X105,IR007_0.mat,X105,Inner Race,2,15,90000,102000,0.29035980365467023,0.08430881557837866,0.29035980365467023,5.548123610384643,5.799529880241183,2.8547974051896206,1.6839503573220225,-1.170847047867598,3587.0,2781.1260346100285,31.804672794727203,6070234.806689544,322300.3148326469,3223004.207602558,2524930.2842543386
IR007_0_X105,IR007_0.mat,X105,Inner Race,2,16,96000,108000,0.2892664046698352,0.08367505287061287,0.2892664046698352,5.5569435160159335,5.309145549587448,2.918309540918164,1.5357574450033267,-1.3825520959148372,3587.0,2781.909258740181,31.684906933927223,6024603.897797189,325750.12282087863,3179259.4258487783,2519594.3491275306
IR007_0_X105,IR007_0.mat,X105,Inner Race,2,17,102000,114000,0.2905338302712141,0.08440990653206264,0.2905338302712141,5.712028293054956,5.493443259447068,2.9785729740518967,1.596031111550233,-1.3825418625016634,3587.0,2767.8814748547748,31.82373474732366,6077513.309701359,318452.5776880396,3236377.531127013,2522683.2008863064
IR007_0_X105,IR007_0.mat,X105,Inner Race,2,18,108000,120000,0.29247005967760265,0.08553873580782044,0.29247005967760265,5.544549308913094,5.457903294726414,2.861294810379242,1.5962733023286761,-1.2650215080505656,3587.0,2760.192796771155,32.03582027574706,6158788.978220537,312016.5417115977,3292862.571307862,2553909.865201078
IR007_2_X107,IR007_2.mat,X107,Inner Race,2,0,0,12000,0.29777826894617254,0.08867189745657905,0.29777826894617254,5.5382102792041294,5.117374509491233,2.7677321756487028,1.5238429229906854,-1.2438892526580174,2862.0,2740.3873394320935,32.617257067225324,6384376.636995353,311978.56709521584,3303172.7639846783,2769225.3059154586
IR007_2_X107,IR007_2.mat,X107,Inner Race,2,1,6000,18000,0.29636579262728274,0.08783268303959757,0.29636579262728274,5.5992552524468575,5.1735280547974725,2.8928072255489017,1.5332567426447106,-1.3595504829041913,2862.0,2736.605934999527,32.462540890672706,6323953.183032664,310721.84053056804,3307118.4134257585,2706112.9290763377
IR007_2_X107,IR007_2.mat,X107,Inner Race,2,2,12000,24000,0.2958764971915507,0.08754290159034171,0.2958764971915507,5.591992081293281,5.181323053339074,2.8928072255489017,1.5330317158449767,-1.3597755097039252,2862.0,2722.9622677125794,32.40894583576835,6303088.960884787,336639.8910971245,3306672.9135946413,2659776.1561930203
IR007_2_X107,IR007_2.mat,X107,Inner Race,2,3,18000,30000,0.2992081748060966,0.08952553187079566,0.2992081748060966,5.5386665792740395,5.464550706381833,3.029252734530938,1.6350382429973387,-1.3942144915335994,2862.0,2750.877963872271,32.7738823051277,6445838.295463526,351324.5906784611,3267740.8332397426,2826772.871545322
IR007_2_X107,IR007_2.mat,X107,Inner Race,2,4,24000,36000,0.3009091603866011,0.09054632280456922,0.3009091603866011,5.515189819180508,5.4330852278331685,3.029252734530938,1.634865114221557,-1.3943876203093812,2862.0,2757.934829004995,32.96020045356289,6519335.258448223,353103.6487516294,3279421.8632863937,2886809.746410199
IR007_2_X107,IR007_2.mat,X107,Inner Race,2,5,30000,42000,0.29642908480004304,0.0878702023153911,0.29642908480004304,5.472457198575272,5.216321177241972,2.789498483033932,1.546269312598137,-1.2432291704357952,2862.0,2726.600244523117,32.469473657388086,6326654.584246501,338314.9468133007,3350688.9925834797,2637650.6448497195
IR007_2_X107,IR007_2.mat,X107,Inner Race,2,6,36000,48000,0.29573391030887913,0.08745854570658015,0.29573391030887913,5.645805942579596,5.356379954293571,2.8874468662674655,1.5840631889886894,-1.303383677278776,2862.0,2721.7818297651834,32.39332740803435,6297015.291045221,319952.10458094673,3364839.5387329212,2612223.647731352
IR007_2_X107,IR007_2.mat,X107,Inner Race,2,7,42000,54000,0.2986646658729402,0.08920058264099502,0.2986646658729402,5.636054740372664,5.304254759642895,2.9119745708582836,1.5841934754990021,-1.3277810953592815,2862.0,2749.142699523002,32.71434884383174,6422441.950275769,309680.9705578713,3340852.777338976,2771908.2023789226
IR007_2_X107,IR007_2.mat,X107,Inner Race,2,8,48000,60000,0.3039256385183339,0.09237079374877695,0.3039256385183339,5.633667260182751,5.12641404358257,2.909862914171657,1.5580486615103128,-1.351814252661344,2862.0,2769.4029337813236,33.29061152176645,6650697.157774509,320298.89460956154,3348355.1081341216,2982043.1550308256
IR007_2_X107,IR007_2.mat,X107,Inner Race,2,9,54000,66000,0.3031468644964645,0.09189802145403782,0.3031468644964645,5.585120584701693,5.139987866483355,2.909862914171657,1.5581712052794412,-1.3516917088922156,2862.0,2777.703892342779,33.20530886601813,6616657.81386286,347810.4142777001,3344695.3157906374,2924152.0837945235
IR007_2_X107,IR007_2.mat,X107,Inner Race,2,10,60000,72000,0.2991430813233941,0.08948658310365479,0.2991430813233941,5.468561012080213,4.913087793541409,2.78884874251497,1.4697162213772457,-1.3191325211377245,2862.0,2744.5671749352427,32.766752266190416,6443033.984497441,361028.1015629672,3352893.938201165,2729111.9447333086
IR007_2_X107,IR007_2.mat,X107,Inner Race,2,11,66000,78000,0.3000277868189473,0.09001667286347569,0.3000277868189473,5.506322330556831,4.740237923353431,2.738168982035928,1.4222030931437126,-1.3159658888922154,3491.0,2755.422140916934,32.863659666938354,6481200.7803528095,354615.34059050155,3384984.268748861,2741601.171013447
IR007_2_X107,IR007_2.mat,X107,Inner Race,2,12,72000,84000,0.299597464640281,0.0897586408188844,0.299597464640281,5.544916349276335,4.9042922740138035,2.785275169660679,1.469313531154358,-1.3159616385063206,2862.0,2754.1264644703865,32.81652336472808,6462622.15869221,330992.5388457393,3372265.6074263267,2759364.012420144
IR007_2_X107,IR007_2.mat,X107,Inner Race,2,13,78000,90000,0.2984894148082269,0.08909593075255774,0.2984894148082269,5.555815535850364,4.922474772059033,2.7610723353293416,1.4693066141250832,-1.2917657212042581,2862.0,2745.4691656256937,32.69515276741836,6414907.059923431,312399.0522925199,3336753.606210365,2765754.4014205453
IR007_2_X107,IR007_2.mat,X107,Inner Race,2,14,84000,96000,0.2992312677708066,0.08953935161172417,0.2992312677708066,5.537516383037845,5.022488982473498,2.7955085828343313,1.5028857455954758,-1.2926228372388555,2862.0,2745.082882115454,32.77641183214362,6446833.328714299,313650.81544125854,3326229.3185271444,2806953.194745896
IR007_2_X107,IR007_2.mat,X107,Inner Race,2,15,90000,102000,0.3013164713992192,0.09079161593647649,0.3013164713992192,5.633588825795607,4.987920926689838,2.8424523353293414,1.502942733253493,-1.3395096020758483,2862.0,2748.2420293094933,33.00481556607174,6536996.421153018,330277.7431187813,3356275.4838599786,2850443.1941742585
IR007_2_X107,IR007_2.mat,X107,Inner Race,2,16,96000,108000,0.3017891008387706,0.09107666138507363,0.3017891008387706,5.699637719954979,4.873484874771038,2.8099653093812376,1.4707646183133734,-1.3392006910678642,2862.0,2739.2893449888056,33.05658502710246,6557519.619737979,355359.2650529735,3378807.980180537,2823352.374504468
IR007_2_X107,IR007_2.mat,X107,Inner Race,2,17,102000,114000,0.3014620058457224,0.09087934096852637,0.3014620058457224,5.526633069380904,4.9389650169008785,2.7778031536926147,1.48891030080173,-1.288892852890885,2862.0,2744.7728565908715,33.02075657808913,6543312.560301488,358797.5700900877,3362843.8459410192,2821671.1442703814
IR007_2_X107,IR007_2.mat,X107,Inner Race,2,18,108000,120000,0.30160230986953196,0.09096395331863717,0.30160230986953196,5.482631346101146,4.975575671353488,2.9304921756487023,1.500645115415835,-1.4298470602328675,2862.0,2740.828209875306,33.03612480692788,6549404.639095754,333868.21208276827,3370143.557111974,2845392.8699010117
IR007_3_X108,IR007_3.mat,X108,Inner Race,2,0,0,12000,0.31231275764337113,0.09753925858680706,0.31231275764337113,5.221393052965578,4.931131624968019,3.0370496207584834,1.4969943046573522,-1.540055316101131,2507.0,2802.731694891643,34.20929781557523,7022826.618265359,363199.32100607635,2773552.6204428626,3886074.676816419
IR007_3_X108,IR007_3.mat,X108,Inner Race,2,1,6000,18000,0.304524148093934,0.09273495677233624,0.304524148093934,5.250030595319247,4.482346447091193,2.6954485429141717,1.3649827332667999,-1.3304658096473718,2507.0,2795.3307153804053,33.35616981694815,6676917.023207355,371147.4072670341,2778930.1138652507,3526839.5020750705
IR007_3_X108,IR007_3.mat,X108,Inner Race,2,2,12000,24000,0.3071116351439424,0.094317556440786,0.3071116351439424,5.216198370079148,4.540369463994448,2.7248493013972053,1.3944002902495007,-1.3304490111477045,2507.0,2795.319110371503,33.639590922358046,6790864.086618986,373215.49045806436,2823551.9803630128,3594096.6157979094
IR007_3_X108,IR007_3.mat,X108,Inner Race,2,3,18000,30000,0.30938105160652646,0.09571663509316018,0.30938105160652646,5.19618107212804,4.778965623311707,2.823934730538922,1.4785214101363937,-1.3454133204025283,2507.0,2803.4444724258897,33.88817231949129,6891597.74715637,359400.38038996066,2822241.99981014,3709955.3669562694
IR007_3_X108,IR007_3.mat,X108,Inner Race,2,4,24000,36000,0.31401152414267647,0.0986032372944067,0.31401152414267647,5.258586171227947,4.720047654914111,2.960705109780439,1.4785557516300731,-1.4821493581503657,2507.0,2807.4922831126914,34.395372870088025,7099433.090909196,356106.22444208764,2788130.37827921,3955196.4881878984
IR007_3_X108,IR007_3.mat,X108,Inner Race,2,5,30000,42000,0.31767924212907883,0.1009201008797059,0.31767924212907883,5.2204791062018145,4.665992573961417,2.9355276646706585,1.45323867999002,-1.4822889846806386,2507.0,2817.4611653757693,34.7971177692193,7266247.269674549,367044.76738604764,2798876.683276355,4100325.8190121464
IR007_3_X108,IR007_3.mat,X108,Inner Race,2,6,36000,48000,0.3133759311154239,0.09820447420245891,0.3133759311154239,5.2283448415055425,4.793938383499901,2.8981675848303396,1.5023049046440453,-1.3958626801862941,2507.0,2798.7321224509064,34.32575303466386,7070722.185701808,374653.49633946345,2820740.2145423237,3875328.474820021
IR007_3_X108,IR007_3.mat,X108,Inner Race,2,7,42000,54000,0.3112707570552066,0.09688948419772148,0.3112707570552066,5.235023084680436,4.826720196043551,2.8981675848303396,1.502416849520958,-1.3957507353093814,2507.0,2781.6143239612616,34.09516188200919,6976042.862626234,369569.1362313368,2824521.598916896,3781952.127478001
IR007_3_X108,IR007_3.mat,X108,Inner Race,2,8,48000,60000,0.3118775017773343,0.09726757611487118,0.3118775017773343,5.245528654852203,4.82449927948802,2.9072639520958083,1.5046527826180973,-1.402611169477711,2507.0,2811.0139774727995,34.161622487941415,7003265.722502757,366533.90668837883,2831988.3569482444,3804743.458866134
IR007_3_X108,IR007_3.mat,X108,Inner Race,2,9,54000,66000,0.3144930960404697,0.0989059074571201,0.3144930960404697,5.287105975043434,4.783834822793291,2.9072639520958083,1.5044830243712575,-1.4027809277245509,2507.0,2798.201671690548,34.44812202122517,7121225.3378461,372841.90794806427,2850890.7257512454,3897492.7041467912
IR007_3_X108,IR007_3.mat,X108,Inner Race,2,10,60000,72000,0.3135004860521082,0.09828255475490807,0.3135004860521082,5.289205182680702,4.793254240358176,2.887121996007984,1.5026875341284098,-1.3844344618795743,3591.0,2798.2632356515155,34.33939649469348,7076344.1038702205,366082.03697108757,2834151.599149217,3876110.467749916
IR007_3_X108,IR007_3.mat,X108,Inner Race,2,11,66000,78000,0.31050409269625856,0.09641279158112673,0.31050409269625856,5.286991419586354,4.765787332802131,2.8128891417165667,1.4797964717598135,-1.3330926699567531,2507.0,2806.4340392153736,34.011185043638,6941721.009143584,357301.7986713265,2835301.7171371193,3749117.493335139
IR007_3_X108,IR007_3.mat,X108,Inner Race,2,12,72000,84000,0.31285794703942493,0.0978800950257236,0.31285794703942493,5.35596471023065,4.7304463791674,2.8128891417165667,1.4799577427711244,-1.3329313989454423,2507.0,2814.9135056789232,34.26901543534294,7047366.878865546,361768.21587945556,2807706.583602044,3877892.079384047
IR007_3_X108,IR007_3.mat,X108,Inner Race,2,13,78000,90000,0.3160864455843738,0.09991064108216331,0.3160864455843738,5.366011626185308,4.515567009098692,2.7782904590818363,1.4273095257085828,-1.3509809333732534,2507.0,2806.0509272765316,34.62265019047721,7193566.16517912,370348.77361270983,2801745.92424216,4021471.467324251
IR007_3_X108,IR007_3.mat,X108,Inner Race,2,14,84000,96000,0.32247330655529943,0.10398903344070812,0.32247330655529943,5.376512305581503,4.691189422474139,3.0240548103792415,1.5127833647471722,-1.511271445632069,2507.0,2828.622213563522,35.32223751975122,7487210.440873725,379024.26179740543,2838926.6071904185,4269259.5718859015
IR007_3_X108,IR007_3.mat,X108,Inner Race,2,15,90000,102000,0.3186163201925092,0.10151635949301552,0.3186163201925092,5.397329536829084,4.748252040237652,3.0240548103792415,1.5128705924118429,-1.5111842179673984,2507.0,2810.100670599571,34.89976101580261,7309177.907079774,373735.7470127377,2833020.1244256073,4102422.035641429
IR007_3_X108,IR007_3.mat,X108,Inner Race,2,16,96000,108000,0.3133682300955966,0.09819964763324678,0.3133682300955966,5.395183785013836,5.318847467685793,3.1882767265469063,1.6667578171024617,-1.5215189094444446,2507.0,2806.9518207415895,34.32490945375403,7070374.653459486,362443.9415640483,2825341.2557625063,3882589.456132931
IR007_3_X108,IR007_3.mat,X108,Inner Race,2,17,102000,114000,0.3212249921348963,0.10318549557206419,0.3212249921348963,5.346129867032133,5.187881930236514,3.1882767265469063,1.6664773322421824,-1.5217993943047239,2507.0,2854.457166331063,35.185502842809626,7429355.681418488,365162.53318408306,2817669.954883339,4246523.193351067
IR007_3_X108,IR007_3.mat,X108,Inner Race,2,18,108000,120000,0.31671351255280655,0.10030744903353676,0.31671351255280655,5.304066677017605,4.606911478459207,2.9100253493013972,1.4590711163672654,-1.4509542329341318,2507.0,2836.8342708793975,34.69133638869863,7222136.411423508,363683.64680018625,2796654.633642871,4061798.13098045
NORMAL_0_X097,NORMAL_0.mat,X097,Healthy,0,0,0,12000,0.0731644452161996,0.005353036043794271,0.0731644452161996,2.8700452028917125,3.8883787957396665,0.5202867692307692,0.23579569184615384,-0.2844910773846154,1036.0,1118.048793102718,8.014095597712373,385418.5952238863,124569.59875597719,260232.03640519013,616.9600627190065
NORMAL_0_X097,NORMAL_0.mat,X097,Healthy,0,1,6000,18000,0.07187082860191521,0.005165416003925873,0.07187082860191521,2.802403169970698,3.626657212527315,0.4967132307692308,0.23606237184615386,-0.26065085892307693,1036.0,1120.9837402173248,7.872398811685223,371909.95296438766,113666.94397289002,257607.68090688367,635.3280846139594
NORMAL_0_X097,NORMAL_0.mat,X097,Healthy,0,2,12000,24000,0.07235830216147339,0.005235723891691085,0.07235830216147339,2.731390538922602,3.4575159436834357,0.4864910769230769,0.23631109353846153,-0.2501799833846154,1036.0,1131.2055684227562,7.925794430527356,376972.12234722567,124218.26174443393,252082.84197597226,671.0186268194539
NORMAL_0_X097,NORMAL_0.mat,X097,Healthy,0,3,18000,30000,0.07312289142744167,0.005346957250709424,0.07312289142744167,2.749298672392733,4.074006966319872,0.5348898461538462,0.23698667707692309,-0.29790316907692305,1036.0,1125.1226525200827,8.009543986822822,384980.9220559745,130314.0767677867,253985.4970861763,681.3482020114948
NORMAL_0_X097,NORMAL_0.mat,X097,Healthy,0,4,24000,36000,0.07244604090068475,0.005248428842183688,0.07244604090068475,2.729982338433511,4.100576261187422,0.5182006153846154,0.22113009984615384,-0.29707051553846153,1036.0,1126.5325877862924,7.935404906608264,377886.87684196694,119916.61981512437,257275.7011888628,694.5558379798006
NORMAL_0_X097,NORMAL_0.mat,X097,Healthy,0,5,30000,42000,0.07158239496864532,0.005124039269447139,0.07158239496864532,2.7341951085082057,3.5192135412503625,0.49274953846153846,0.24083580476923078,-0.2519137336923077,1036.0,1137.0288063693545,7.840805131222,368930.82885988924,117017.90596581918,251212.68880409087,700.2340899791277
NORMAL_0_X097,NORMAL_0.mat,X097,Healthy,0,6,36000,48000,0.07214179492557456,0.005204438575083654,0.07214179492557456,2.8301107579590066,3.5100867708896017,0.4937926153846153,0.24056865538461533,-0.25322395999999997,1036.0,1144.0365780825348,7.9020792058258,374719.5775066421,124914.96398728187,249104.67319786205,699.940321498192
NORMAL_0_X097,NORMAL_0.mat,X097,Healthy,0,7,42000,54000,0.07263504321832887,0.005275849503328503,0.07263504321832887,2.8831825516282104,4.105679342146799,0.5330123076923077,0.29821619646153846,-0.2347961112307692,1036.0,1138.043580568811,7.956107346134014,379861.16426334897,124685.30464390207,254478.19515501405,697.6644644328868
NORMAL_0_X097,NORMAL_0.mat,X097,Healthy,0,8,48000,60000,0.07198991272795546,0.0051825475345786435,0.07198991272795546,2.8769320922813275,4.141741484290951,0.5346812307692308,0.298163608,-0.23651762276923077,1036.0,1124.8073666660148,7.885442730877892,373143.42257879185,118915.43282037583,253551.67767904192,676.3120793741687
NORMAL_0_X097,NORMAL_0.mat,X097,Healthy,0,9,54000,66000,0.07117413697417113,0.005065757774018074,0.07117413697417113,2.848633786691676,3.8982600889878145,0.5359329230769231,0.25847762553846154,-0.27745529753846154,1036.0,1145.443928541183,7.79608642177589,364734.55993828614,109634.05903764293,254430.89037976885,669.610520874301
NORMAL_0_X097,NORMAL_0.mat,X097,Healthy,0,10,60000,72000,0.07152149082078334,0.005115323649227395,0.07152149082078334,2.8264063876968324,3.8691440644302784,0.5015113846153846,0.2247844329230769,-0.27672695169230765,1036.0,1154.645370918325,7.834133968522166,368303.30387555395,109883.54237837411,257761.15965014175,658.6018470380368
NORMAL_0_X097,NORMAL_0.mat,X097,Healthy,0,11,66000,78000,0.07133641857892659,0.0050888846156678215,0.07133641857892659,2.795402474187274,3.3969382029875224,0.46729846153846155,0.22497305599999998,-0.24232540553846155,1036.0,1151.6694013567355,7.813862001590817,366399.69271880895,109713.0594516758,256029.17177760781,657.4614895253605
NORMAL_0_X097,NORMAL_0.mat,X097,Healthy,0,12,72000,84000,0.07046874762681311,0.004965844392091478,0.07046874762681311,2.76535975377209,3.665989365229655,0.49212369230769226,0.2337860129230769,-0.2583376793846154,1036.0,1142.0181011479986,7.718821327098697,357540.7962807218,108261.57124710227,248602.60945191013,676.6155817093495
NORMAL_0_X097,NORMAL_0.mat,X097,Healthy,0,13,78000,90000,0.07133981339368334,0.00508936897504556,0.07133981339368334,2.6926727981336294,3.6329818001966205,0.49212369230769226,0.2329474486153846,-0.2591762436923077,1036.0,1133.0044779474106,7.814233864496359,366434.56758513924,121183.90351503456,244581.66284712063,669.0012229840981
NORMAL_0_X097,NORMAL_0.mat,X097,Healthy,0,14,84000,96000,0.07303995291309168,0.00533483472154665,0.07303995291309168,2.641163445340255,3.419619600647311,0.48857723076923076,0.2497688546153846,-0.23880837615384617,1036.0,1116.7665982174517,8.000459284841565,384108.0999592141,132842.86598537152,250599.37988843137,665.8540854112407
NORMAL_0_X097,NORMAL_0.mat,X097,Healthy,0,15,90000,102000,0.07229828337834589,0.005227041779455606,0.07229828337834589,2.6803389918930254,3.473572629518833,0.48044123076923073,0.25113333830769224,-0.22930789246153846,1036.0,1123.5858245933646,7.919220229500335,376347.00830900745,124795.32913578754,250857.1193260051,694.5598472147464
NORMAL_0_X097,NORMAL_0.mat,X097,Healthy,0,16,96000,108000,0.07004438875929701,0.004906216396663534,0.07004438875929701,2.684881576675185,3.583346107924399,0.48044123076923073,0.2509932878461538,-0.2294479429230769,1036.0,1141.8078146459818,7.672339030686919,353247.5819970131,107934.78171577616,244617.0394395546,695.7608416823709
NORMAL_0_X097,NORMAL_0.mat,X097,Healthy,0,17,102000,114000,0.06978355113473858,0.004869744008974674,0.06978355113473858,2.696564777789659,3.230346334437781,0.45040061538461534,0.2254250386153846,-0.22497557676923075,1036.0,1125.9107226099684,7.643768071281262,350621.56915556075,110484.4580677942,239471.62714138988,665.4839463766294
NORMAL_0_X097,NORMAL_0.mat,X097,Healthy,0,18,108000,120000,0.07152496168258642,0.005115820143695456,0.07152496168258642,2.8258270701123784,3.45453966795087,0.4839876923076923,0.23690187492307693,-0.24708581738461535,1036.0,1115.047972963833,7.834514153956655,368339.0517833115,125193.09170018378,242467.0546071133,678.9054760144134
NORMAL_0_X097,NORMAL_0.mat,X097,Healthy,0,19,114000,126000,0.07194952336125605,0.005176733911911932,0.07194952336125605,2.8594226199245334,3.447108161954505,0.4839876923076923,0.2359699030769231,-0.2480177892307692,1036.0,1110.4562036606162,7.8810186664766935,372724.8417833458,123646.42575688085,248404.20581501216,674.2102114527353
NORMAL_0_X097,NORMAL_0.mat,X097,Healthy,0,20,120000,132000,0.07198153518465254,0.005181341407539373,0.07198153518465254,2.714212025588571,3.366018687854804,0.47439138461538455,0.23210019199999998,-0.2422911926153846,1036.0,1104.2275530714871,7.884525095715855,373056.5816458236,123692.92005820088,248716.8505332687,646.8110543539852
NORMAL_0_X097,NORMAL_0.mat,X097,Healthy,0,21,126000,138000,0.07327653756134955,0.005369450956979872,0.07327653756134955,2.5836180021455784,3.1682538718292275,0.45728492307692303,0.23215867384615382,-0.2251262492307692,1036.0,1095.7685856275766,8.026373675169369,386600.4689150845,135102.87140914585,250855.64861973288,641.9488862058097
NORMAL_0_X097,NORMAL_0.mat,X097,Healthy,0,22,132000,144000,0.07379730291479568,0.005446041917498112,0.07379730291479568,2.598279010637877,3.581586389327706,0.5069353846153846,0.2426239689230769,-0.26431141569230765,1036.0,1109.2088514819184,8.08341593298895,392115.02048734354,135938.269041246,255516.1704683734,660.5809777241891
NORMAL_0_X097,NORMAL_0.mat,X097,Healthy,0,23,138000,150000,0.07461657674030975,0.005567633524442534,0.07461657674030975,2.6576528264132437,3.5459164316229024,0.5161144615384615,0.251530316,-0.26458414553846155,1036.0,1092.0742424305045,8.173155382341097,400869.61389225133,138005.37832179654,262234.78562574816,629.4499447067132
NORMAL_0_X097,NORMAL_0.mat,X097,Healthy,0,24,144000,156000,0.07478847769864999,0.0055933163964814675,0.07478847769864999,2.6923689942118165,3.3653520812083726,0.500676923076923,0.2516895590769231,-0.24898736399999996,1036.0,1089.0345139474027,8.19198461974002,402718.7806723524,142537.3908393604,259533.220551575,648.1692814169651
NORMAL_0_X097,NORMAL_0.mat,X097,Healthy,0,25,150000,162000,0.07381436435102996,0.005448560384546603,0.07381436435102996,2.79902723255458,3.2586513347989285,0.4733483076923076,0.23281303076923074,-0.2405352769230769,1036.0,1101.7657269263304,8.085284750798492,392296.3488384693,142530.54153090584,249129.72516337896,636.082144184561
NORMAL_0_X097,NORMAL_0.mat,X097,Healthy,0,26,156000,168000,0.07399972887500882,0.005475959873574813,0.07399972887500882,2.8598556773664345,3.3316962192682875,0.4892030769230769,0.24654461692307691,-0.24265846,1036.0,1096.2694910493744,8.105588713238594,394269.11089747347,140062.23143573344,253608.40324574758,598.4762159924938
NORMAL_0_X097,NORMAL_0.mat,X097,Healthy,0,27,162000,174000,0.07408403916781954,0.005488444859419019,0.07408403916781954,2.7977430865244766,3.3264422237890074,0.4892030769230769,0.246436276,-0.2427668009230769,1036.0,1098.1212138134583,8.114823674445343,395168.0299672991,128439.1973655713,266115.16056420194,613.6720375257332
NORMAL_0_X097,NORMAL_0.mat,X097,Healthy,0,28,168000,180000,0.07327873422617873,0.005369772889790937,0.07327873422617873,2.813435278448142,3.7135116980268776,0.5031803076923077,0.2310588709230769,-0.2721214367692308,1036.0,1114.8685472528505,8.0266142920554,386623.6484975616,122367.4385738375,263658.09414789174,598.1157758323359
NORMAL_0_X097,NORMAL_0.mat,X097,Healthy,0,29,174000,186000,0.07282810345294069,0.005303932652552232,0.07282810345294069,2.8593233731777503,3.8976110055918567,0.513611076923077,0.2297554593846154,-0.28385561753846156,1036.0,1109.9426160644264,7.977254272838916,381883.15098689403,124242.87131556275,257038.2853639606,601.9943073706982
NORMAL_0_X097,NORMAL_0.mat,X097,Healthy,0,30,180000,192000,0.07373882558179179,0.005437414398181911,0.07373882558179179,2.821350224046431,3.836250901992412,0.5317606153846154,0.24887997923076924,-0.2828806361538462,1036.0,1116.3199197226877,8.077010571034654,391493.83668739785,132425.04236157428,258468.4995722833,600.2947535403268
NORMAL_0_X097,NORMAL_0.mat,X097,Healthy,0,31,186000,198000,0.07404173107353805,0.005482177940366129,0.07404173107353805,2.7479682775622454,3.3394715524204437,0.48982892307692305,0.24726025461538462,-0.24256866846153846,1036.0,1107.914709776328,8.110189441871679,394716.81187106407,133080.53573402192,261035.79785051235,600.4782865298182
NORMAL_0_X097,NORMAL_0.mat,X097,Healthy,0,32,192000,204000,0.07435355187713007,0.005528450676745071,0.07435355187713007,2.6773927876625376,3.316995441181164,0.4906633846153846,0.2466303926153846,-0.24403299199999998,1036.0,1099.1447000696699,8.144344851727007,398048.4487361772,131501.6579362573,265954.33413231425,592.4566676055531
NORMAL_0_X097,NORMAL_0.mat,X097,Healthy,0,33,198000,210000,0.07541181661996961,0.005686942085923924,0.07541181661996961,2.6631475982248114,3.256477741969754,0.48190153846153844,0.2455769023076923,-0.23632463615384613,1036.0,1095.7219299620097,8.260262288593784,409459.8303912641,141105.2099350674,267726.1189160625,628.5015401340872
NORMAL_0_X097,NORMAL_0.mat,X097,Healthy,0,34,204000,216000,0.07416682772990062,0.005500718335516754,0.07416682772990062,2.7239351638490534,3.18688185914789,0.47084492307692305,0.23448400523076923,-0.23636091784615385,1036.0,1103.2877135362762,8.1238919518913,396051.7202964714,134682.7369944316,260715.06371772202,653.9195843176869
NORMAL_0_X097,NORMAL_0.mat,X097,Healthy,0,35,210000,222000,0.07268438371087106,0.005283019635429139,0.07268438371087106,2.7837959893678126,3.3922971221676264,0.4816929230769231,0.2465670256923077,-0.23512589738461537,1036.0,1113.7536344800837,7.961511878385505,380377.4140094306,117559.72586681596,262209.8367052864,607.8514373281844
NORMAL_0_X097,NORMAL_0.mat,X097,Healthy,0,36,216000,228000,0.07247051661055699,0.005251975777801017,0.07247051661055699,2.8197172448833605,3.406999298131049,0.4919150769230769,0.24690699923076923,-0.2450080776923077,1036.0,1129.1890045104255,7.93808586741502,378142.2566379628,113626.11506699122,263888.01644012466,628.1251308469167
NORMAL_0_X097,NORMAL_0.mat,X097,Healthy,0,37,222000,234000,0.07208733355871479,0.005196583659605408,0.07208733355871479,2.8491246588179675,3.4105121344583487,0.4796067692307692,0.2337520433846154,-0.24585472584615384,1036.0,1143.1279878167807,7.896113787136568,374154.0262493886,114268.1151959807,259240.21840995335,645.692643454546
NORMAL_0_X097,NORMAL_0.mat,X097,Healthy,0,38,228000,240000,0.07172034639547445,0.005143808087086845,0.07172034639547445,2.799814669161259,3.5691982210199438,0.48690830769230764,0.2309241749230769,-0.25598413276923077,1036.0,1144.7558004239816,7.855915678231192,370354.1822720153,108187.77690076706,261497.27892558544,669.1264456628634
NORMAL_1_X098,NORMAL_1.mat,X098,Healthy,0,0,0,12000,0.06418762508317519,0.00412005121381826,0.06418762508317519,2.9329432824452675,3.719630111938594,0.43934399999999996,0.2005897769230769,-0.23875422307692307,90.0,1127.8129035661946,7.030816169920917,296643.6884673438,150590.04059988726,145393.45304186735,660.1948255892084
NORMAL_1_X098,NORMAL_1.mat,X098,Healthy,0,1,6000,18000,0.06483277686315911,0.004203288955788179,0.06483277686315911,2.9359038096737087,3.6920743209398426,0.43934399999999996,0.19997656938461536,-0.2393674306153846,90.0,1105.049126534025,7.101483105644359,302636.80486081325,162451.63222890996,139558.1694357734,627.0031961299082
NORMAL_1_X098,NORMAL_1.mat,X098,Healthy,0,2,12000,24000,0.06490874193075515,0.004213144779033372,0.06490874193075515,2.855989328566994,3.6027540317786024,0.4270356923076923,0.19318546061538458,-0.2338502316923077,90.0,1105.4898949958172,7.109803977969247,303346.42494348914,169584.44483453047,133089.59737681228,672.382732146365
NORMAL_1_X098,NORMAL_1.mat,X098,Healthy,0,3,18000,30000,0.0655676286323081,0.004299113924464268,0.0655676286323081,2.8410302545205037,3.7879591397587378,0.46145723076923073,0.2130897326153846,-0.24836749815384615,90.0,1131.3415238411696,7.181975415381968,309536.20597377315,164412.2774175981,144429.7208078018,694.2077483732583
NORMAL_1_X098,NORMAL_1.mat,X098,Healthy,0,4,24000,36000,0.06491261916960506,0.004213648127458177,0.06491261916960506,2.920115774947585,4.023939535221651,0.47856369230769236,0.21735923769230772,-0.2612044546153846,90.0,1126.9271006323295,7.110228671734784,303382.6659379207,148409.13412554283,154334.7158672285,638.8159451493555
NORMAL_1_X098,NORMAL_1.mat,X098,Healthy,0,5,30000,42000,0.06454865868214638,0.004166529337664231,0.06454865868214638,2.9541730033189717,4.050500524411662,0.4785636923076923,0.21710931646153847,-0.26145437584615383,90.0,1124.9103687319782,7.070362117408604,299990.1128481914,152723.01886626068,146626.30597470148,640.7880072292953
NORMAL_1_X098,NORMAL_1.mat,X098,Healthy,0,6,36000,48000,0.06633840858263233,0.004400784453276268,0.06633840858263233,2.8762250624636625,3.671507891364741,0.45957969230769236,0.21601770169230772,-0.2435619906153846,90.0,1122.359077425825,7.266403069552018,316856.4820287391,171527.3621762218,144633.49744110843,695.6224114088006
NORMAL_1_X098,NORMAL_1.mat,X098,Healthy,0,7,42000,54000,0.06521733517310865,0.004253300807081596,0.06521733517310865,2.843258597240624,3.7579341201635152,0.4368406153846154,0.1917581663076923,-0.2450824490769231,90.0,1109.9774627770848,7.143605847252442,306237.6581098966,166576.56471973,138996.33672384918,664.7566663174264
NORMAL_1_X098,NORMAL_1.mat,X098,Healthy,0,8,48000,60000,0.06405065267230206,0.0041024861077478755,0.06405065267230206,2.893369539734159,3.6443387361871635,0.4259926153846154,0.19257034076923077,-0.23342227461538462,90.0,1131.7498044430934,7.015812880949578,295379.00391336856,157133.78468413698,137618.20404867321,627.0151805583903
NORMAL_1_X098,NORMAL_1.mat,X098,Healthy,0,9,54000,66000,0.06392308231096754,0.004086160452134731,0.06392308231096754,2.844532405650553,3.6234024863543253,0.4207772307692308,0.18915817538461538,-0.23161905538461539,90.0,1123.366042212924,7.001839378507774,294203.55384921515,151466.90835963556,142104.25452962477,632.3909599548304
NORMAL_1_X098,NORMAL_1.mat,X098,Healthy,0,10,60000,72000,0.06469894890253741,0.004185953989093148,0.06469894890253741,2.8847816663717305,4.300881308209104,0.490872,0.21260949999999998,-0.27826249999999997,90.0,1109.824690440919,7.086824208280316,301388.6872317666,161276.6044786001,139473.1007578217,638.9819953448025
NORMAL_1_X098,NORMAL_1.mat,X098,Healthy,0,11,66000,78000,0.06621100790738685,0.004383897568112043,0.06621100790738685,2.9554819494033544,4.210752576665295,0.490872,0.21207382784615383,-0.27879817215384617,90.0,1107.230521482237,7.252448180076727,315640.6256327941,170889.84581281897,144089.5751702319,661.2046497431822
NORMAL_1_X098,NORMAL_1.mat,X098,Healthy,0,12,72000,84000,0.06618733100324807,0.004380762785333524,0.06618733100324807,2.8914063579793337,3.852853766260711,0.49587876923076923,0.24086866169230767,-0.25501010753846154,90.0,1114.3056500388393,7.249854714180255,315414.92065370677,167860.37666327905,146899.3477398827,655.1962505450178
NORMAL_1_X098,NORMAL_1.mat,X098,Healthy,0,13,78000,90000,0.06469472089125818,0.004185406911197798,0.06469472089125818,2.8809671042007285,3.9131423834303476,0.49462707692307684,0.2414674226153846,-0.2531596543076923,90.0,1125.0364107785554,7.086361092072256,301349.2976769402,159883.153428183,140811.29225354982,654.8519952074525
NORMAL_1_X098,NORMAL_1.mat,X098,Healthy,0,14,84000,96000,0.06447067911232346,0.004156468465204181,0.06447067911232346,2.870540733439631,3.924275234326334,0.4562418461538461,0.20324115676923077,-0.25300068938461534,90.0,1133.5579775722583,7.061820617097041,299265.73187876906,159456.19308269257,139111.48519408578,698.0536019906885
NORMAL_1_X098,NORMAL_1.mat,X098,Healthy,0,15,90000,102000,0.06579497010430217,0.004328978091026017,0.06579497010430217,2.900230646703662,3.523846097115265,0.46312615384615385,0.23127480523076924,-0.23185134861538462,90.0,1110.12445808176,7.206877311539429,311686.42258207436,171053.01275283765,139954.7042613322,678.7055679045093
NORMAL_1_X098,NORMAL_1.mat,X098,Healthy,0,16,96000,108000,0.06556771198528634,0.004299124854985461,0.06556771198528634,2.8575893384915894,3.5538965260049147,0.46312615384615385,0.23010529000000002,-0.23302086384615384,90.0,1108.587261307089,7.181984507805923,309536.98972365604,169108.4356488106,139764.7981525324,663.7559223130145
NORMAL_1_X098,NORMAL_1.mat,X098,Healthy,0,17,102000,114000,0.06512615319862837,0.004241415830451213,0.06512615319862837,2.8208202249489975,3.3581447749039017,0.43558892307692304,0.21688587199999998,-0.21870305107692306,90.0,1129.7515596463106,7.13361822336287,305381.9422491256,161755.65344079008,142951.34550983363,674.943298501887
NORMAL_1_X098,NORMAL_1.mat,X098,Healthy,0,18,108000,120000,0.0651631384578263,0.004246234613673841,0.0651631384578263,2.83297248862066,3.456180278092402,0.4418473846153846,0.2166318306153846,-0.22521555399999998,90.0,1118.2947988059627,7.1376694016419995,305728.89324730594,159000.2301600409,146099.30273870463,629.360348560356
NORMAL_1_X098,NORMAL_1.mat,X098,Healthy,0,19,114000,126000,0.06560125239854495,0.004303524316257599,0.06560125239854495,2.873270473300045,3.6165963924627227,0.45478153846153846,0.21752828569230767,-0.2372532527692308,90.0,1126.0112614429227,7.18565839361451,309853.75298488565,163983.82067250818,145221.29205624654,648.6402561308893
NORMAL_1_X098,NORMAL_1.mat,X098,Healthy,0,20,120000,132000,0.0653326384634543,0.004268353648596429,0.0653326384634543,2.9166071804440827,3.7903668502788888,0.44309907692307693,0.19546440984615385,-0.24763466707692305,90.0,1132.3894479811067,7.15623565786326,307321.46445403254,161028.42155302165,145648.27996075473,644.7629402561236
NORMAL_1_X098,NORMAL_1.mat,X098,Healthy,0,21,126000,138000,0.06476354522794854,0.004194316790492536,0.06476354522794854,2.9189577617019578,4.124304016218604,0.471888,0.20478345030769232,-0.2671045496923077,90.0,1112.5693822786195,7.093899791386589,301990.8089156584,162360.70881042164,138956.5875099821,673.5125952546248
NORMAL_1_X098,NORMAL_1.mat,X098,Healthy,0,22,132000,144000,0.06467019835247151,0.0041822345549480085,0.06467019835247151,2.882612206490789,4.130836195889074,0.471888,0.20474600384615385,-0.26714199615384615,90.0,1139.6414621659867,7.083675049196658,301120.8916678703,165793.05334825162,134598.12088380707,729.7174358116142
NORMAL_1_X098,NORMAL_1.mat,X098,Healthy,0,23,138000,150000,0.06400284462641344,0.00409636412027282,0.06400284462641344,2.838017466432491,3.8026227000215376,0.4599969230769231,0.21661825323076922,-0.24337866984615386,90.0,1146.409822479626,7.010576183470673,294938.2187239016,156881.9454093841,137356.442206115,699.8311084025344
NORMAL_1_X098,NORMAL_1.mat,X098,Healthy,0,24,144000,156000,0.06511760079594855,0.004240301933420521,0.06511760079594855,2.8889088408937362,3.720349454685945,0.46667261538461535,0.22441238476923073,-0.24226023061538463,90.0,1126.9503509318602,7.132681410547496,305301.7397703233,166747.56673365383,137856.01190018718,698.1611364822519
NORMAL_1_X098,NORMAL_1.mat,X098,Healthy,0,25,150000,162000,0.06584472725338485,0.0043355281070726415,0.06584472725338485,3.028307077793723,4.8387199502508125,0.5421913846153845,0.2235871892307692,-0.3186041953846154,90.0,1127.0917309768474,7.212327509044163,312158.02625438885,163744.1156991856,147710.57341153812,703.3371436651422
NORMAL_1_X098,NORMAL_1.mat,X098,Healthy,0,26,156000,168000,0.06593974474778726,0.004348049937403338,0.06593974474778726,3.0759166935477373,4.855768342700657,0.5651390769230769,0.2449509518461538,-0.32018812507692307,90.0,1126.0876822519067,7.222735269631287,313059.59655582963,155868.87081024295,156512.27753481088,678.4482107757972
NORMAL_1_X098,NORMAL_1.mat,X098,Healthy,0,27,162000,174000,0.06705059972727287,0.004495782923786964,0.06705059972727287,2.9038318767886686,3.6480255862868174,0.48857723076923076,0.24397492738461535,-0.2446023033846154,90.0,1112.468300301562,7.344413184816877,323696.3705809012,163416.0475603327,159589.35284326805,690.9701773004922
NORMAL_1_X098,NORMAL_1.mat,X098,Healthy,0,28,168000,180000,0.06673085446744635,0.004453006937955504,0.06673085446744635,2.912622088252683,3.651518627999359,0.46020553846153844,0.2165365803076923,-0.24366895815384615,90.0,1125.5939856202888,7.309389771756739,320616.5001916076,165422.76053712604,154490.5242794787,703.2153750028781
NORMAL_1_X098,NORMAL_1.mat,X098,Healthy,0,29,174000,186000,0.06548640440657569,0.004288469162101577,0.06548640440657569,3.0023370293786145,4.6243170972359735,0.519660923076923,0.21683102353846154,-0.3028298995384615,90.0,1126.0990658525172,7.17307845511696,308769.780194102,161874.46168603003,146174.05260280517,721.2659052667732
NORMAL_1_X098,NORMAL_1.mat,X098,Healthy,0,30,180000,192000,0.06477964254440309,0.004196402088180638,0.06477964254440309,3.140835695724878,4.687891531347412,0.5394793846153846,0.23579944692307692,-0.30367993769230767,90.0,1135.31999436911,7.095663036445729,302140.95199462015,158239.40223326258,143165.7989309993,735.7508303583139
NORMAL_1_X098,NORMAL_1.mat,X098,Healthy,0,31,186000,198000,0.06427115693593316,0.00413078161388335,0.06427115693593316,3.0187424090382917,4.048296332651832,0.4946270769230769,0.234438388,-0.2601886889230769,90.0,1119.5366952011182,7.03996585672455,297416.2767023485,156657.00272514246,140088.2725890046,671.0013882014205
NORMAL_1_X098,NORMAL_1.mat,X098,Healthy,0,32,192000,204000,0.06483747879552125,0.004203898656559668,0.06483747879552125,2.853893223309236,3.8198614203278085,0.46124861538461537,0.2135784315384615,-0.24767018384615386,90.0,1125.7225280542289,7.101998134768814,302680.70341506455,158745.16326778985,143257.93424535688,677.6059019178608
NORMAL_1_X098,NORMAL_1.mat,X098,Healthy,0,33,198000,210000,0.06637961855083703,0.004406253758954628,0.06637961855083703,2.9466531631172415,3.7333552982359874,0.4739741538461538,0.2261554532307692,-0.24781870061538464,90.0,1121.526612885809,7.2709170122719815,317250.27143027604,167079.21074093887,149456.67352749725,714.3871618398996
NORMAL_1_X098,NORMAL_1.mat,X098,Healthy,0,34,204000,216000,0.065820083101322,0.004332283339464932,0.06582008310132198,2.957403164045452,3.4478857293141765,0.44768861538461535,0.2269401252307692,-0.22074849015384615,90.0,1110.966222624531,7.209628073048035,311924.4004470456,160583.51455619402,150652.4175141062,688.468376745464
NORMAL_1_X098,NORMAL_1.mat,X098,Healthy,0,35,210000,222000,0.06463197982561912,0.004177292816179236,0.06463197982561912,2.9337212490262963,3.856125800132618,0.47522584615384617,0.2492290449230769,-0.22599680123076926,90.0,1118.075866680794,7.079488726166908,300765.0829041701,153623.8693131463,146466.134461711,675.0791293128235
NORMAL_1_X098,NORMAL_1.mat,X098,Healthy,0,36,216000,228000,0.06499939389123041,0.004224921206227321,0.06499939389123041,2.941032989688277,3.8134951030262076,0.47918953846153844,0.24787487030769229,-0.23131466815384613,90.0,1113.8162079602362,7.119733565279354,304194.32684943336,159243.46563571965,144276.73780673067,674.1234069830512
NORMAL_1_X098,NORMAL_1.mat,X098,Healthy,0,37,222000,234000,0.06575573932602884,0.004323817254312656,0.06575573932602884,2.9821273200049174,4.38629338071011,0.5336381538461538,0.24521418969230765,-0.2884239641538461,90.0,1103.8123452407835,7.20258015542106,311314.84253248683,168634.46496443325,142019.8368090029,660.5407590506172
NORMAL_1_X098,NORMAL_1.mat,X098,Healthy,0,38,228000,240000,0.06444155841260825,0.004152714450645602,0.06444155841260825,2.948509755260473,4.465862641939455,0.5013027692307692,0.2135156209230769,-0.28778714830769225,90.0,1109.6726607560756,7.058630842315631,298995.440477905,159466.48017036714,138859.2621030079,669.6982045299222
NORMAL_1_X098,NORMAL_1.mat,X098,Healthy,0,39,234000,246000,0.06395752084444478,0.004090564472567589,0.06395752084444478,2.901098771201116,3.756452985950246,0.4549901538461538,0.21473673369230767,-0.24025342015384615,90.0,1137.5927896215176,7.0056116215131565,294520.64374307264,149830.0503231538,144033.1615858063,657.4318341125169
NORMAL_1_X098,NORMAL_1.mat,X098,Healthy,0,40,240000,252000,0.06583415429712945,0.004334135872018248,0.06583415429712945,2.9539112235129026,3.633556457310414,0.46020553846153844,0.220993422,-0.23921211646153845,90.0,1121.622235669241,7.211169382157827,312057.78411288117,162939.69227296952,148467.42615740476,650.6656825068641
NORMAL_1_X098,NORMAL_1.mat,X098,Healthy,0,41,246000,258000,0.06585642556742158,0.004337068788517339,0.06585642556742158,2.948200463895347,3.560538715838126,0.45832799999999996,0.22384364707692306,-0.2344843529230769,90.0,1101.5432030112195,7.213608859640552,312268.9528320879,166031.09404051374,145591.4003370757,646.4584544984295
NORMAL_1_X098,NORMAL_1.mat,X098,Healthy,0,42,252000,264000,0.06483512817478959,0.004203593845441394,0.06483512817478959,2.925608804706571,3.671624851280009,0.46667261538461535,0.22862234753846153,-0.23805026784615382,90.0,1096.078316953464,7.101740657262293,302658.7568984366,161684.94608160498,140316.87166944117,656.9391473903963
NORMAL_1_X098,NORMAL_1.mat,X098,Healthy,0,43,258000,270000,0.06396783083065422,0.004091883381179195,0.06396783083065422,2.904246447915458,3.693958983953634,0.46667261538461535,0.230378072,-0.23629454338461536,90.0,1113.3039297897692,7.006740916166732,294615.60401597637,155715.32803343702,138227.42334159272,672.8526409466189
NORMAL_1_X098,NORMAL_1.mat,X098,Healthy,0,44,264000,276000,0.06539310112040889,0.004276257674144021,0.06539310112040889,2.9663591504913454,3.588372550817902,0.4537384615384615,0.21908365246153844,-0.23465480907692304,90.0,1108.0934587582387,7.162858437814785,307890.552542047,165759.95962984188,141454.3689260691,676.2239861360038
NORMAL_1_X098,NORMAL_1.mat,X098,Healthy,0,45,270000,282000,0.06607983922737157,0.0043665451523152736,0.06607983922737157,2.955014407422842,3.6349125082422713,0.45707630769230767,0.21688187353846153,-0.24019443415384614,90.0,1108.806153693279,7.238080576395294,314391.2523927754,175002.63826001287,138694.16940920474,694.4447235578048
NORMAL_1_X098,NORMAL_1.mat,X098,Healthy,0,46,276000,288000,0.06499404022732504,0.004224225265071145,0.06499404022732504,2.8109056117617537,3.7038954826366832,0.4410129230769231,0.20028179107692307,-0.240731132,90.0,1100.3435772143175,7.119147152606047,304144.2193389331,166363.32759713737,137126.2724749764,654.6192668193565
NORMAL_1_X098,NORMAL_1.mat,X098,Healthy,0,47,282000,294000,0.06440831509760088,0.0041484310537118416,0.06440831509760088,2.8617785329922856,3.542007905058906,0.4504006153846154,0.22813476123076923,-0.22226585415384614,90.0,1110.7960446364748,7.054989537972236,298687.0371627671,153721.84496084374,144317.46327584595,647.7289260773941
NORMAL_1_X098,NORMAL_1.mat,X098,Healthy,0,48,288000,300000,0.06493675464378995,0.004216782103667775,0.06493675464378995,2.9544443286843,3.5041645487701993,0.4520695384615384,0.22754907353846154,-0.2245204649230769,90.0,1106.2571161913404,7.1128723530477815,303608.31161761965,155912.22177223314,147048.70093342016,647.3889119663802
NORMAL_1_X098,NORMAL_1.mat,X098,Healthy,0,49,294000,306000,0.06615983104245218,0.0043771232435658195,0.06615983104245218,2.9256447998166917,3.658799251598896,0.4418473846153846,0.1997818443076923,-0.24206554030769228,90.0,1105.9604057060371,7.2468424945169545,315152.87356816063,165549.19554823457,148922.9434857476,680.7345341784694
NORMAL_1_X098,NORMAL_1.mat,X098,Healthy,0,50,300000,312000,0.0664207301102099,0.004411713388373343,0.0664207301102099,2.9294503133277146,3.6452656488533655,0.4493575384615384,0.2072363326153846,-0.24212120584615382,90.0,1127.087036436438,7.275420196438395,317643.3659474969,167762.05445738038,149158.01983634377,723.2916537727834
NORMAL_1_X098,NORMAL_1.mat,X098,Healthy,0,51,306000,318000,0.06556431193203105,0.004298678999120669,0.06556431193203105,3.018626820630588,3.58666900174236,0.4668812307692307,0.23172374553846153,-0.2351574852307692,90.0,1114.5183372027473,7.1816120992673405,309504.88961840264,163716.00235468242,145103.45428050423,685.4329832159453
NORMAL_1_X098,NORMAL_1.mat,X098,Healthy,0,52,312000,324000,0.06474089419630623,0.0041913833813373175,0.06474089419630623,2.9939000563016704,3.581735543217168,0.45707630769230767,0.23188476184615384,-0.22519154584615383,90.0,1116.000462221819,7.091418736560424,301779.60640313866,159297.61963887155,141819.74018137675,662.2465828904237
NORMAL_1_X098,NORMAL_1.mat,X098,Healthy,0,53,318000,330000,0.06431745206543353,0.00413673464018934,0.06431745206543353,2.841281836394944,3.6817592559006567,0.4458110769230769,0.20900970246153844,-0.23680137446153848,90.0,1114.0680926196437,7.045036813896639,297844.8947986626,160609.42029183125,136545.51935608717,689.955150744207
NORMAL_1_X098,NORMAL_1.mat,X098,Healthy,0,54,324000,336000,0.06449454770092275,0.0041595466831466,0.06449454770092275,2.8947470823971835,3.952577106942498,0.4504006153846154,0.19548094261538462,-0.2549196727692308,90.0,1115.2772082275494,7.064435043984837,299487.36118657695,164223.56050121743,134547.23859924637,716.5620861130783
NORMAL_1_X098,NORMAL_1.mat,X098,Healthy,0,55,330000,342000,0.06583466811197618,0.0043342035254140526,0.06583466811197618,3.0462722152761863,3.876050977494202,0.47439138461538466,0.21921285492307693,-0.2551785296923077,90.0,1106.552091545212,7.21122564860052,312062.6539055589,170056.12111883494,141313.35253914655,693.1802475774447
NORMAL_1_X098,NORMAL_1.mat,X098,Healthy,0,56,336000,348000,0.06598963709715949,0.004354632204214809,0.06598963709715949,3.065545656923279,3.5941761109849213,0.455616,0.2184376227692308,-0.2371783772307692,90.0,1121.8686209898274,7.228200261672209,313533.52101605205,161626.70468820783,151223.2454420238,683.5708858204248
NORMAL_1_X098,NORMAL_1.mat,X098,Healthy,0,57,342000,354000,0.06422938777735988,0.004125414254254466,0.06422938777735988,3.0299942211312083,4.018549665456918,0.4639606153846154,0.2058516306153846,-0.2581089847692308,90.0,1135.9185683271187,7.035390651403146,297029.8264287226,150050.1753134827,146293.42530100793,686.2258142318773
NORMAL_1_X098,NORMAL_1.mat,X098,Healthy,0,58,348000,360000,0.06404793333285834,0.004102137764210266,0.06404793333285834,3.016345645181886,4.0386312935004955,0.4683415384615385,0.20967555061538462,-0.25866598784615386,90.0,1141.6942333833458,7.015514984250892,295353.920415987,155709.68881187795,138932.4790678793,711.7525362297881
NORMAL_1_X098,NORMAL_1.mat,X098,Healthy,0,59,354000,366000,0.06530675361392033,0.004264972067589296,0.06530675361392033,2.950210412226022,3.950087438092872,0.4687587692307692,0.21079138215384616,-0.25796738707692307,90.0,1121.3926739926198,7.153400330695861,307077.98888348916,163764.91946112775,142639.914312894,673.155109467457
NORMAL_1_X098,NORMAL_1.mat,X098,Healthy,0,60,360000,372000,0.06550462735475397,0.004290856204885183,0.06550462735475397,2.8847011036192476,3.8192944708805667,0.4798153846153846,0.22963392353846152,-0.2501814610769231,90.0,1107.149553873844,7.175074537447075,308941.649402146,166075.5749540177,142231.30068659838,634.7737615298247
NORMAL_1_X098,NORMAL_1.mat,X098,Healthy,0,61,366000,378000,0.06531416069321055,0.004265939587058531,0.06531416069321055,2.8666308731162755,3.840465398127366,0.4798153846153846,0.22897861046153845,-0.25083677415384614,90.0,1098.2917146200568,7.154211675268319,307147.6509119677,165046.09236468904,141467.02542663927,634.5331206393205
NORMAL_1_X098,NORMAL_1.mat,X098,Healthy,0,62,372000,384000,0.0650774286432102,0.004235071718812115,0.0650774286432102,2.889968308083962,3.7223006095100786,0.46708984615384613,0.22485209384615384,-0.2422377523076923,90.0,1108.1713795319995,7.128281133579736,304925.1639080122,160093.11620970847,144195.90634266328,636.1413556404052
NORMAL_1_X098,NORMAL_1.mat,X098,Healthy,0,63,378000,390000,0.06616219799751966,0.004377436443862994,0.06616219799751966,2.9590218679567695,3.8052258342831364,0.47668615384615376,0.22492404876923075,-0.25176210507692304,90.0,1098.0953540664038,7.247101761745589,315175.42415452126,165425.1865927927,149110.79914584057,639.4384158879177
NORMAL_1_X098,NORMAL_1.mat,X098,Healthy,0,64,384000,396000,0.06558866306020632,0.004301872722025272,0.06558866306020632,2.896173186733959,3.8332029411733832,0.4727224615384615,0.22130780538461536,-0.2514146561538461,90.0,1102.4160089108195,7.184279397836621,309734.8366675445,163950.1281822485,145096.7916875565,687.9167977394873
NORMAL_1_X098,NORMAL_1.mat,X098,Healthy,0,65,390000,402000,0.06427795457509336,0.004131655444357765,0.06427795457509336,2.875312892914187,3.4727958803028978,0.43225107692307696,0.2090268610769231,-0.22322421584615385,90.0,1112.506859030835,7.040710434087783,297479.19210345217,158116.7409447725,138690.06428226904,672.3868764106151
NORMAL_1_X098,NORMAL_1.mat,X098,Healthy,0,66,396000,408000,0.06369526826610065,0.004057087199490529,0.06369526826610065,2.8863193978481445,3.6563866701923686,0.44122153846153844,0.20832700861538464,-0.23289452984615383,90.0,1130.7896983172757,6.9768856949732125,292110.2809383318,154337.18448249347,137105.0773200333,668.019135804997
NORMAL_1_X098,NORMAL_1.mat,X098,Healthy,0,67,402000,414000,0.06336603944289618,0.004015254954678674,0.06336603944289618,2.898517792533119,3.6740937581578015,0.44956615384615384,0.21675338384615384,-0.23281277,90.0,1131.6108019543374,6.940823487985297,289098.35917890165,153189.28492573195,135244.0081559337,665.0660972360185
NORMAL_1_X098,NORMAL_1.mat,X098,Healthy,0,68,408000,420000,0.06324463192641273,0.003999883467507424,0.06324463192641273,2.90081755708925,3.6585033048913567,0.44831446153846155,0.2169337666153846,-0.23138069492307692,90.0,1110.3367600527374,6.927525039799008,287991.6096654305,151938.1101386343,135427.6526958522,625.8468309440868
NORMAL_1_X098,NORMAL_1.mat,X098,Healthy,0,69,414000,426000,0.0645882107078352,0.004171636962439718,0.0645882107078352,2.9237938346475016,4.238956601353784,0.5073526153846154,0.23356599323076924,-0.27378662215384614,90.0,1117.165762146368,7.074694479860562,300357.8632022004,155081.44487022617,144623.9363564063,652.4819755678695
NORMAL_1_X098,NORMAL_1.mat,X098,Healthy,0,70,420000,432000,0.06575688868722322,0.004323968409823866,0.06575688868722322,2.925004298275477,4.150003707444684,0.5073526153846154,0.23446128353846155,-0.27289133184615383,90.0,1118.99493253743,7.202706057002716,311325.7262360453,160933.00816157006,149742.59202721925,650.1260472559782
NORMAL_1_X098,NORMAL_1.mat,X098,Healthy,0,71,426000,438000,0.06604020440058198,0.004361308597270647,0.06604020440058198,2.9095158747081027,4.1504332448672425,0.47376553846153846,0.1996700786153846,-0.27409545984615385,90.0,1120.9195463654182,7.233739144473288,314014.21904372115,161724.90183986526,151628.4502246273,660.8669792285552
NORMAL_1_X098,NORMAL_1.mat,X098,Healthy,0,72,432000,444000,0.06595282773067836,0.004349775485672535,0.06595282773067836,2.9335494234770265,4.12656355911998,0.47626892307692303,0.20411038753846153,-0.27215853553846153,90.0,1107.1898031663277,7.224168310846608,313183.8353084254,164119.38696171285,148419.34963701348,645.0987096991123
NORMAL_1_X098,NORMAL_1.mat,X098,Healthy,0,73,438000,450000,0.06373497293362057,0.004062146774849347,0.06373497293362057,2.8693863125469656,3.6719869217955967,0.4391353846153846,0.20510139753846154,-0.23403398707692308,90.0,1113.0068902233475,6.981234732233706,292474.5679576639,152862.50605738172,138961.87070525566,650.1911950264857
NORMAL_1_X098,NORMAL_1.mat,X098,Healthy,0,74,444000,456000,0.06288120837873458,0.00395404636716984,0.06288120837873458,2.8481912860843948,3.7326183530719415,0.4314166153846154,0.19670506292307693,-0.23471155246153846,90.0,1151.606553947718,6.88771730419169,284691.3386244323,143618.43692493223,140393.5583623806,679.3433371193778
NORMAL_1_X098,NORMAL_1.mat,X098,Healthy,0,75,450000,462000,0.06371731609981827,0.004059896370964162,0.06371731609981827,2.921144880088603,3.5622953872009413,0.4426818461538462,0.21570194492307695,-0.22697990123076922,90.0,1133.24366376287,6.97930069813019,292312.54004775826,150001.41171491676,141649.4588751205,661.6694577209752
NORMAL_1_X098,NORMAL_1.mat,X098,Healthy,0,76,456000,468000,0.0653670683133499,0.004272853619882153,0.0653670683133499,2.9120517215420785,3.4888006599931773,0.4433076923076923,0.21525502123076926,-0.22805267107692306,90.0,1121.6302106571823,7.160006925107785,307645.4607047162,164498.62646007867,142468.5413747497,678.292869887796
NORMAL_1_X098,NORMAL_1.mat,X098,Healthy,0,77,462000,474000,0.06574772835638425,0.004322763784024894,0.06574772835638425,2.9401636598730887,3.9521805010137068,0.46729846153846155,0.20745157153846153,-0.25984689,90.0,1107.8780306899043,7.201702669216758,311238.9925361584,160389.94309544264,150171.60712240546,677.4423183104014
NORMAL_1_X098,NORMAL_1.mat,X098,Healthy,0,78,468000,480000,0.06482799461461178,0.004202668885752134,0.06482799461461178,2.9973896360852827,4.038823690506157,0.48398769230769234,0.22215885184615383,-0.2618288404615385,90.0,1121.331759681973,7.1009592861515225,302592.1603242728,150114.7165228629,151812.2153491613,665.2284522486532
NORMAL_2_X098,NORMAL_2.mat,X098,Healthy,0,0,0,12000,0.06418762508317519,0.00412005121381826,0.06418762508317519,2.9329432824452675,3.719630111938594,0.43934399999999996,0.2005897769230769,-0.23875422307692307,90.0,1127.8129035661946,7.030816169920917,296643.6884673438,150590.04059988726,145393.45304186735,660.1948255892084
NORMAL_2_X098,NORMAL_2.mat,X098,Healthy,0,1,6000,18000,0.06483277686315911,0.004203288955788179,0.06483277686315911,2.9359038096737087,3.6920743209398426,0.43934399999999996,0.19997656938461536,-0.2393674306153846,90.0,1105.049126534025,7.101483105644359,302636.80486081325,162451.63222890996,139558.1694357734,627.0031961299082
NORMAL_2_X098,NORMAL_2.mat,X098,Healthy,0,2,12000,24000,0.06490874193075515,0.004213144779033372,0.06490874193075515,2.855989328566994,3.6027540317786024,0.4270356923076923,0.19318546061538458,-0.2338502316923077,90.0,1105.4898949958172,7.109803977969247,303346.42494348914,169584.44483453047,133089.59737681228,672.382732146365
NORMAL_2_X098,NORMAL_2.mat,X098,Healthy,0,3,18000,30000,0.0655676286323081,0.004299113924464268,0.0655676286323081,2.8410302545205037,3.7879591397587378,0.46145723076923073,0.2130897326153846,-0.24836749815384615,90.0,1131.3415238411696,7.181975415381968,309536.20597377315,164412.2774175981,144429.7208078018,694.2077483732583
NORMAL_2_X098,NORMAL_2.mat,X098,Healthy,0,4,24000,36000,0.06491261916960506,0.004213648127458177,0.06491261916960506,2.920115774947585,4.023939535221651,0.47856369230769236,0.21735923769230772,-0.2612044546153846,90.0,1126.9271006323295,7.110228671734784,303382.6659379207,148409.13412554283,154334.7158672285,638.8159451493555
NORMAL_2_X098,NORMAL_2.mat,X098,Healthy,0,5,30000,42000,0.06454865868214638,0.004166529337664231,0.06454865868214638,2.9541730033189717,4.050500524411662,0.4785636923076923,0.21710931646153847,-0.26145437584615383,90.0,1124.9103687319782,7.070362117408604,299990.1128481914,152723.01886626068,146626.30597470148,640.7880072292953
NORMAL_2_X098,NORMAL_2.mat,X098,Healthy,0,6,36000,48000,0.06633840858263233,0.004400784453276268,0.06633840858263233,2.8762250624636625,3.671507891364741,0.45957969230769236,0.21601770169230772,-0.2435619906153846,90.0,1122.359077425825,7.266403069552018,316856.4820287391,171527.3621762218,144633.49744110843,695.6224114088006
NORMAL_2_X098,NORMAL_2.mat,X098,Healthy,0,7,42000,54000,0.06521733517310865,0.004253300807081596,0.06521733517310865,2.843258597240624,3.7579341201635152,0.4368406153846154,0.1917581663076923,-0.2450824490769231,90.0,1109.9774627770848,7.143605847252442,306237.6581098966,166576.56471973,138996.33672384918,664.7566663174264
NORMAL_2_X098,NORMAL_2.mat,X098,Healthy,0,8,48000,60000,0.06405065267230206,0.0041024861077478755,0.06405065267230206,2.893369539734159,3.6443387361871635,0.4259926153846154,0.19257034076923077,-0.23342227461538462,90.0,1131.7498044430934,7.015812880949578,295379.00391336856,157133.78468413698,137618.20404867321,627.0151805583903
NORMAL_2_X098,NORMAL_2.mat,X098,Healthy,0,9,54000,66000,0.06392308231096754,0.004086160452134731,0.06392308231096754,2.844532405650553,3.6234024863543253,0.4207772307692308,0.18915817538461538,-0.23161905538461539,90.0,1123.366042212924,7.001839378507774,294203.55384921515,151466.90835963556,142104.25452962477,632.3909599548304
NORMAL_2_X098,NORMAL_2.mat,X098,Healthy,0,10,60000,72000,0.06469894890253741,0.004185953989093148,0.06469894890253741,2.8847816663717305,4.300881308209104,0.490872,0.21260949999999998,-0.27826249999999997,90.0,1109.824690440919,7.086824208280316,301388.6872317666,161276.6044786001,139473.1007578217,638.9819953448025
NORMAL_2_X098,NORMAL_2.mat,X098,Healthy,0,11,66000,78000,0.06621100790738685,0.004383897568112043,0.06621100790738685,2.9554819494033544,4.210752576665295,0.490872,0.21207382784615383,-0.27879817215384617,90.0,1107.230521482237,7.252448180076727,315640.6256327941,170889.84581281897,144089.5751702319,661.2046497431822
NORMAL_2_X098,NORMAL_2.mat,X098,Healthy,0,12,72000,84000,0.06618733100324807,0.004380762785333524,0.06618733100324807,2.8914063579793337,3.852853766260711,0.49587876923076923,0.24086866169230767,-0.25501010753846154,90.0,1114.3056500388393,7.249854714180255,315414.92065370677,167860.37666327905,146899.3477398827,655.1962505450178
NORMAL_2_X098,NORMAL_2.mat,X098,Healthy,0,13,78000,90000,0.06469472089125818,0.004185406911197798,0.06469472089125818,2.8809671042007285,3.9131423834303476,0.49462707692307684,0.2414674226153846,-0.2531596543076923,90.0,1125.0364107785554,7.086361092072256,301349.2976769402,159883.153428183,140811.29225354982,654.8519952074525
NORMAL_2_X098,NORMAL_2.mat,X098,Healthy,0,14,84000,96000,0.06447067911232346,0.004156468465204181,0.06447067911232346,2.870540733439631,3.924275234326334,0.4562418461538461,0.20324115676923077,-0.25300068938461534,90.0,1133.5579775722583,7.061820617097041,299265.73187876906,159456.19308269257,139111.48519408578,698.0536019906885
NORMAL_2_X098,NORMAL_2.mat,X098,Healthy,0,15,90000,102000,0.06579497010430217,0.004328978091026017,0.06579497010430217,2.900230646703662,3.523846097115265,0.46312615384615385,0.23127480523076924,-0.23185134861538462,90.0,1110.12445808176,7.206877311539429,311686.42258207436,171053.01275283765,139954.7042613322,678.7055679045093
NORMAL_2_X098,NORMAL_2.mat,X098,Healthy,0,16,96000,108000,0.06556771198528634,0.004299124854985461,0.06556771198528634,2.8575893384915894,3.5538965260049147,0.46312615384615385,0.23010529000000002,-0.23302086384615384,90.0,1108.587261307089,7.181984507805923,309536.98972365604,169108.4356488106,139764.7981525324,663.7559223130145
NORMAL_2_X098,NORMAL_2.mat,X098,Healthy,0,17,102000,114000,0.06512615319862837,0.004241415830451213,0.06512615319862837,2.8208202249489975,3.3581447749039017,0.43558892307692304,0.21688587199999998,-0.21870305107692306,90.0,1129.7515596463106,7.13361822336287,305381.9422491256,161755.65344079008,142951.34550983363,674.943298501887
NORMAL_2_X098,NORMAL_2.mat,X098,Healthy,0,18,108000,120000,0.0651631384578263,0.004246234613673841,0.0651631384578263,2.83297248862066,3.456180278092402,0.4418473846153846,0.2166318306153846,-0.22521555399999998,90.0,1118.2947988059627,7.1376694016419995,305728.89324730594,159000.2301600409,146099.30273870463,629.360348560356
NORMAL_2_X098,NORMAL_2.mat,X098,Healthy,0,19,114000,126000,0.06560125239854495,0.004303524316257599,0.06560125239854495,2.873270473300045,3.6165963924627227,0.45478153846153846,0.21752828569230767,-0.2372532527692308,90.0,1126.0112614429227,7.18565839361451,309853.75298488565,163983.82067250818,145221.29205624654,648.6402561308893
NORMAL_2_X098,NORMAL_2.mat,X098,Healthy,0,20,120000,132000,0.0653326384634543,0.004268353648596429,0.0653326384634543,2.9166071804440827,3.7903668502788888,0.44309907692307693,0.19546440984615385,-0.24763466707692305,90.0,1132.3894479811067,7.15623565786326,307321.46445403254,161028.42155302165,145648.27996075473,644.7629402561236
NORMAL_2_X098,NORMAL_2.mat,X098,Healthy,0,21,126000,138000,0.06476354522794854,0.004194316790492536,0.06476354522794854,2.9189577617019578,4.124304016218604,0.471888,0.20478345030769232,-0.2671045496923077,90.0,1112.5693822786195,7.093899791386589,301990.8089156584,162360.70881042164,138956.5875099821,673.5125952546248
NORMAL_2_X098,NORMAL_2.mat,X098,Healthy,0,22,132000,144000,0.06467019835247151,0.0041822345549480085,0.06467019835247151,2.882612206490789,4.130836195889074,0.471888,0.20474600384615385,-0.26714199615384615,90.0,1139.6414621659867,7.083675049196658,301120.8916678703,165793.05334825162,134598.12088380707,729.7174358116142
NORMAL_2_X098,NORMAL_2.mat,X098,Healthy,0,23,138000,150000,0.06400284462641344,0.00409636412027282,0.06400284462641344,2.838017466432491,3.8026227000215376,0.4599969230769231,0.21661825323076922,-0.24337866984615386,90.0,1146.409822479626,7.010576183470673,294938.2187239016,156881.9454093841,137356.442206115,699.8311084025344
NORMAL_2_X098,NORMAL_2.mat,X098,Healthy,0,24,144000,156000,0.06511760079594855,0.004240301933420521,0.06511760079594855,2.8889088408937362,3.720349454685945,0.46667261538461535,0.22441238476923073,-0.24226023061538463,90.0,1126.9503509318602,7.132681410547496,305301.7397703233,166747.56673365383,137856.01190018718,698.1611364822519
NORMAL_2_X098,NORMAL_2.mat,X098,Healthy,0,25,150000,162000,0.06584472725338485,0.0043355281070726415,0.06584472725338485,3.028307077793723,4.8387199502508125,0.5421913846153845,0.2235871892307692,-0.3186041953846154,90.0,1127.0917309768474,7.212327509044163,312158.02625438885,163744.1156991856,147710.57341153812,703.3371436651422
NORMAL_2_X098,NORMAL_2.mat,X098,Healthy,0,26,156000,168000,0.06593974474778726,0.004348049937403338,0.06593974474778726,3.0759166935477373,4.855768342700657,0.5651390769230769,0.2449509518461538,-0.32018812507692307,90.0,1126.0876822519067,7.222735269631287,313059.59655582963,155868.87081024295,156512.27753481088,678.4482107757972
NORMAL_2_X098,NORMAL_2.mat,X098,Healthy,0,27,162000,174000,0.06705059972727287,0.004495782923786964,0.06705059972727287,2.9038318767886686,3.6480255862868174,0.48857723076923076,0.24397492738461535,-0.2446023033846154,90.0,1112.468300301562,7.344413184816877,323696.3705809012,163416.0475603327,159589.35284326805,690.9701773004922
NORMAL_2_X098,NORMAL_2.mat,X098,Healthy,0,28,168000,180000,0.06673085446744635,0.004453006937955504,0.06673085446744635,2.912622088252683,3.651518627999359,0.46020553846153844,0.2165365803076923,-0.24366895815384615,90.0,1125.5939856202888,7.309389771756739,320616.5001916076,165422.76053712604,154490.5242794787,703.2153750028781
NORMAL_2_X098,NORMAL_2.mat,X098,Healthy,0,29,174000,186000,0.06548640440657569,0.004288469162101577,0.06548640440657569,3.0023370293786145,4.6243170972359735,0.519660923076923,0.21683102353846154,-0.3028298995384615,90.0,1126.0990658525172,7.17307845511696,308769.780194102,161874.46168603003,146174.05260280517,721.2659052667732
NORMAL_2_X098,NORMAL_2.mat,X098,Healthy,0,30,180000,192000,0.06477964254440309,0.004196402088180638,0.06477964254440309,3.140835695724878,4.687891531347412,0.5394793846153846,0.23579944692307692,-0.30367993769230767,90.0,1135.31999436911,7.095663036445729,302140.95199462015,158239.40223326258,143165.7989309993,735.7508303583139
NORMAL_2_X098,NORMAL_2.mat,X098,Healthy,0,31,186000,198000,0.06427115693593316,0.00413078161388335,0.06427115693593316,3.0187424090382917,4.048296332651832,0.4946270769230769,0.234438388,-0.2601886889230769,90.0,1119.5366952011182,7.03996585672455,297416.2767023485,156657.00272514246,140088.2725890046,671.0013882014205
NORMAL_2_X098,NORMAL_2.mat,X098,Healthy,0,32,192000,204000,0.06483747879552125,0.004203898656559668,0.06483747879552125,2.853893223309236,3.8198614203278085,0.46124861538461537,0.2135784315384615,-0.24767018384615386,90.0,1125.7225280542289,7.101998134768814,302680.70341506455,158745.16326778985,143257.93424535688,677.6059019178608
NORMAL_2_X098,NORMAL_2.mat,X098,Healthy,0,33,198000,210000,0.06637961855083703,0.004406253758954628,0.06637961855083703,2.9466531631172415,3.7333552982359874,0.4739741538461538,0.2261554532307692,-0.24781870061538464,90.0,1121.526612885809,7.2709170122719815,317250.27143027604,167079.21074093887,149456.67352749725,714.3871618398996
NORMAL_2_X098,NORMAL_2.mat,X098,Healthy,0,34,204000,216000,0.065820083101322,0.004332283339464932,0.06582008310132198,2.957403164045452,3.4478857293141765,0.44768861538461535,0.2269401252307692,-0.22074849015384615,90.0,1110.966222624531,7.209628073048035,311924.4004470456,160583.51455619402,150652.4175141062,688.468376745464
NORMAL_2_X098,NORMAL_2.mat,X098,Healthy,0,35,210000,222000,0.06463197982561912,0.004177292816179236,0.06463197982561912,2.9337212490262963,3.856125800132618,0.47522584615384617,0.2492290449230769,-0.22599680123076926,90.0,1118.075866680794,7.079488726166908,300765.0829041701,153623.8693131463,146466.134461711,675.0791293128235
NORMAL_2_X098,NORMAL_2.mat,X098,Healthy,0,36,216000,228000,0.06499939389123041,0.004224921206227321,0.06499939389123041,2.941032989688277,3.8134951030262076,0.47918953846153844,0.24787487030769229,-0.23131466815384613,90.0,1113.8162079602362,7.119733565279354,304194.32684943336,159243.46563571965,144276.73780673067,674.1234069830512
NORMAL_2_X098,NORMAL_2.mat,X098,Healthy,0,37,222000,234000,0.06575573932602884,0.004323817254312656,0.06575573932602884,2.9821273200049174,4.38629338071011,0.5336381538461538,0.24521418969230765,-0.2884239641538461,90.0,1103.8123452407835,7.20258015542106,311314.84253248683,168634.46496443325,142019.8368090029,660.5407590506172
NORMAL_2_X098,NORMAL_2.mat,X098,Healthy,0,38,228000,240000,0.06444155841260825,0.004152714450645602,0.06444155841260825,2.948509755260473,4.465862641939455,0.5013027692307692,0.2135156209230769,-0.28778714830769225,90.0,1109.6726607560756,7.058630842315631,298995.440477905,159466.48017036714,138859.2621030079,669.6982045299222
NORMAL_2_X098,NORMAL_2.mat,X098,Healthy,0,39,234000,246000,0.06395752084444478,0.004090564472567589,0.06395752084444478,2.901098771201116,3.756452985950246,0.4549901538461538,0.21473673369230767,-0.24025342015384615,90.0,1137.5927896215176,7.0056116215131565,294520.64374307264,149830.0503231538,144033.1615858063,657.4318341125169
NORMAL_2_X098,NORMAL_2.mat,X098,Healthy,0,40,240000,252000,0.06583415429712945,0.004334135872018248,0.06583415429712945,2.9539112235129026,3.633556457310414,0.46020553846153844,0.220993422,-0.23921211646153845,90.0,1121.622235669241,7.211169382157827,312057.78411288117,162939.69227296952,148467.42615740476,650.6656825068641
NORMAL_2_X098,NORMAL_2.mat,X098,Healthy,0,41,246000,258000,0.06585642556742158,0.004337068788517339,0.06585642556742158,2.948200463895347,3.560538715838126,0.45832799999999996,0.22384364707692306,-0.2344843529230769,90.0,1101.5432030112195,7.213608859640552,312268.9528320879,166031.09404051374,145591.4003370757,646.4584544984295
NORMAL_2_X098,NORMAL_2.mat,X098,Healthy,0,42,252000,264000,0.06483512817478959,0.004203593845441394,0.06483512817478959,2.925608804706571,3.671624851280009,0.46667261538461535,0.22862234753846153,-0.23805026784615382,90.0,1096.078316953464,7.101740657262293,302658.7568984366,161684.94608160498,140316.87166944117,656.9391473903963
NORMAL_2_X098,NORMAL_2.mat,X098,Healthy,0,43,258000,270000,0.06396783083065422,0.004091883381179195,0.06396783083065422,2.904246447915458,3.693958983953634,0.46667261538461535,0.230378072,-0.23629454338461536,90.0,1113.3039297897692,7.006740916166732,294615.60401597637,155715.32803343702,138227.42334159272,672.8526409466189
NORMAL_2_X098,NORMAL_2.mat,X098,Healthy,0,44,264000,276000,0.06539310112040889,0.004276257674144021,0.06539310112040889,2.9663591504913454,3.588372550817902,0.4537384615384615,0.21908365246153844,-0.23465480907692304,90.0,1108.0934587582387,7.162858437814785,307890.552542047,165759.95962984188,141454.3689260691,676.2239861360038
NORMAL_2_X098,NORMAL_2.mat,X098,Healthy,0,45,270000,282000,0.06607983922737157,0.0043665451523152736,0.06607983922737157,2.955014407422842,3.6349125082422713,0.45707630769230767,0.21688187353846153,-0.24019443415384614,90.0,1108.806153693279,7.238080576395294,314391.2523927754,175002.63826001287,138694.16940920474,694.4447235578048
NORMAL_2_X098,NORMAL_2.mat,X098,Healthy,0,46,276000,288000,0.06499404022732504,0.004224225265071145,0.06499404022732504,2.8109056117617537,3.7038954826366832,0.4410129230769231,0.20028179107692307,-0.240731132,90.0,1100.3435772143175,7.119147152606047,304144.2193389331,166363.32759713737,137126.2724749764,654.6192668193565
NORMAL_2_X098,NORMAL_2.mat,X098,Healthy,0,47,282000,294000,0.06440831509760088,0.0041484310537118416,0.06440831509760088,2.8617785329922856,3.542007905058906,0.4504006153846154,0.22813476123076923,-0.22226585415384614,90.0,1110.7960446364748,7.054989537972236,298687.0371627671,153721.84496084374,144317.46327584595,647.7289260773941
NORMAL_2_X098,NORMAL_2.mat,X098,Healthy,0,48,288000,300000,0.06493675464378995,0.004216782103667775,0.06493675464378995,2.9544443286843,3.5041645487701993,0.4520695384615384,0.22754907353846154,-0.2245204649230769,90.0,1106.2571161913404,7.1128723530477815,303608.31161761965,155912.22177223314,147048.70093342016,647.3889119663802
NORMAL_2_X098,NORMAL_2.mat,X098,Healthy,0,49,294000,306000,0.06615983104245218,0.0043771232435658195,0.06615983104245218,2.9256447998166917,3.658799251598896,0.4418473846153846,0.1997818443076923,-0.24206554030769228,90.0,1105.9604057060371,7.2468424945169545,315152.87356816063,165549.19554823457,148922.9434857476,680.7345341784694
NORMAL_2_X098,NORMAL_2.mat,X098,Healthy,0,50,300000,312000,0.0664207301102099,0.004411713388373343,0.0664207301102099,2.9294503133277146,3.6452656488533655,0.4493575384615384,0.2072363326153846,-0.24212120584615382,90.0,1127.087036436438,7.275420196438395,317643.3659474969,167762.05445738038,149158.01983634377,723.2916537727834
NORMAL_2_X098,NORMAL_2.mat,X098,Healthy,0,51,306000,318000,0.06556431193203105,0.004298678999120669,0.06556431193203105,3.018626820630588,3.58666900174236,0.4668812307692307,0.23172374553846153,-0.2351574852307692,90.0,1114.5183372027473,7.1816120992673405,309504.88961840264,163716.00235468242,145103.45428050423,685.4329832159453
NORMAL_2_X098,NORMAL_2.mat,X098,Healthy,0,52,312000,324000,0.06474089419630623,0.0041913833813373175,0.06474089419630623,2.9939000563016704,3.581735543217168,0.45707630769230767,0.23188476184615384,-0.22519154584615383,90.0,1116.000462221819,7.091418736560424,301779.60640313866,159297.61963887155,141819.74018137675,662.2465828904237
NORMAL_2_X098,NORMAL_2.mat,X098,Healthy,0,53,318000,330000,0.06431745206543353,0.00413673464018934,0.06431745206543353,2.841281836394944,3.6817592559006567,0.4458110769230769,0.20900970246153844,-0.23680137446153848,90.0,1114.0680926196437,7.045036813896639,297844.8947986626,160609.42029183125,136545.51935608717,689.955150744207
NORMAL_2_X098,NORMAL_2.mat,X098,Healthy,0,54,324000,336000,0.06449454770092275,0.0041595466831466,0.06449454770092275,2.8947470823971835,3.952577106942498,0.4504006153846154,0.19548094261538462,-0.2549196727692308,90.0,1115.2772082275494,7.064435043984837,299487.36118657695,164223.56050121743,134547.23859924637,716.5620861130783
NORMAL_2_X098,NORMAL_2.mat,X098,Healthy,0,55,330000,342000,0.06583466811197618,0.0043342035254140526,0.06583466811197618,3.0462722152761863,3.876050977494202,0.47439138461538466,0.21921285492307693,-0.2551785296923077,90.0,1106.552091545212,7.21122564860052,312062.6539055589,170056.12111883494,141313.35253914655,693.1802475774447
NORMAL_2_X098,NORMAL_2.mat,X098,Healthy,0,56,336000,348000,0.06598963709715949,0.004354632204214809,0.06598963709715949,3.065545656923279,3.5941761109849213,0.455616,0.2184376227692308,-0.2371783772307692,90.0,1121.8686209898274,7.228200261672209,313533.52101605205,161626.70468820783,151223.2454420238,683.5708858204248
NORMAL_2_X098,NORMAL_2.mat,X098,Healthy,0,57,342000,354000,0.06422938777735988,0.004125414254254466,0.06422938777735988,3.0299942211312083,4.018549665456918,0.4639606153846154,0.2058516306153846,-0.2581089847692308,90.0,1135.9185683271187,7.035390651403146,297029.8264287226,150050.1753134827,146293.42530100793,686.2258142318773
NORMAL_2_X098,NORMAL_2.mat,X098,Healthy,0,58,348000,360000,0.06404793333285834,0.004102137764210266,0.06404793333285834,3.016345645181886,4.0386312935004955,0.4683415384615385,0.20967555061538462,-0.25866598784615386,90.0,1141.6942333833458,7.015514984250892,295353.920415987,155709.68881187795,138932.4790678793,711.7525362297881
NORMAL_2_X098,NORMAL_2.mat,X098,Healthy,0,59,354000,366000,0.06530675361392033,0.004264972067589296,0.06530675361392033,2.950210412226022,3.950087438092872,0.4687587692307692,0.21079138215384616,-0.25796738707692307,90.0,1121.3926739926198,7.153400330695861,307077.98888348916,163764.91946112775,142639.914312894,673.155109467457
NORMAL_2_X098,NORMAL_2.mat,X098,Healthy,0,60,360000,372000,0.06550462735475397,0.004290856204885183,0.06550462735475397,2.8847011036192476,3.8192944708805667,0.4798153846153846,0.22963392353846152,-0.2501814610769231,90.0,1107.149553873844,7.175074537447075,308941.649402146,166075.5749540177,142231.30068659838,634.7737615298247
NORMAL_2_X098,NORMAL_2.mat,X098,Healthy,0,61,366000,378000,0.06531416069321055,0.004265939587058531,0.06531416069321055,2.8666308731162755,3.840465398127366,0.4798153846153846,0.22897861046153845,-0.25083677415384614,90.0,1098.2917146200568,7.154211675268319,307147.6509119677,165046.09236468904,141467.02542663927,634.5331206393205
NORMAL_2_X098,NORMAL_2.mat,X098,Healthy,0,62,372000,384000,0.0650774286432102,0.004235071718812115,0.0650774286432102,2.889968308083962,3.7223006095100786,0.46708984615384613,0.22485209384615384,-0.2422377523076923,90.0,1108.1713795319995,7.128281133579736,304925.1639080122,160093.11620970847,144195.90634266328,636.1413556404052
NORMAL_2_X098,NORMAL_2.mat,X098,Healthy,0,63,378000,390000,0.06616219799751966,0.004377436443862994,0.06616219799751966,2.9590218679567695,3.8052258342831364,0.47668615384615376,0.22492404876923075,-0.25176210507692304,90.0,1098.0953540664038,7.247101761745589,315175.42415452126,165425.1865927927,149110.79914584057,639.4384158879177
NORMAL_2_X098,NORMAL_2.mat,X098,Healthy,0,64,384000,396000,0.06558866306020632,0.004301872722025272,0.06558866306020632,2.896173186733959,3.8332029411733832,0.4727224615384615,0.22130780538461536,-0.2514146561538461,90.0,1102.4160089108195,7.184279397836621,309734.8366675445,163950.1281822485,145096.7916875565,687.9167977394873
NORMAL_2_X098,NORMAL_2.mat,X098,Healthy,0,65,390000,402000,0.06427795457509336,0.004131655444357765,0.06427795457509336,2.875312892914187,3.4727958803028978,0.43225107692307696,0.2090268610769231,-0.22322421584615385,90.0,1112.506859030835,7.040710434087783,297479.19210345217,158116.7409447725,138690.06428226904,672.3868764106151
NORMAL_2_X098,NORMAL_2.mat,X098,Healthy,0,66,396000,408000,0.06369526826610065,0.004057087199490529,0.06369526826610065,2.8863193978481445,3.6563866701923686,0.44122153846153844,0.20832700861538464,-0.23289452984615383,90.0,1130.7896983172757,6.9768856949732125,292110.2809383318,154337.18448249347,137105.0773200333,668.019135804997
NORMAL_2_X098,NORMAL_2.mat,X098,Healthy,0,67,402000,414000,0.06336603944289618,0.004015254954678674,0.06336603944289618,2.898517792533119,3.6740937581578015,0.44956615384615384,0.21675338384615384,-0.23281277,90.0,1131.6108019543374,6.940823487985297,289098.35917890165,153189.28492573195,135244.0081559337,665.0660972360185
NORMAL_2_X098,NORMAL_2.mat,X098,Healthy,0,68,408000,420000,0.06324463192641273,0.003999883467507424,0.06324463192641273,2.90081755708925,3.6585033048913567,0.44831446153846155,0.2169337666153846,-0.23138069492307692,90.0,1110.3367600527374,6.927525039799008,287991.6096654305,151938.1101386343,135427.6526958522,625.8468309440868
NORMAL_2_X098,NORMAL_2.mat,X098,Healthy,0,69,414000,426000,0.0645882107078352,0.004171636962439718,0.0645882107078352,2.9237938346475016,4.238956601353784,0.5073526153846154,0.23356599323076924,-0.27378662215384614,90.0,1117.165762146368,7.074694479860562,300357.8632022004,155081.44487022617,144623.9363564063,652.4819755678695
NORMAL_2_X098,NORMAL_2.mat,X098,Healthy,0,70,420000,432000,0.06575688868722322,0.004323968409823866,0.06575688868722322,2.925004298275477,4.150003707444684,0.5073526153846154,0.23446128353846155,-0.27289133184615383,90.0,1118.99493253743,7.202706057002716,311325.7262360453,160933.00816157006,149742.59202721925,650.1260472559782
NORMAL_2_X098,NORMAL_2.mat,X098,Healthy,0,71,426000,438000,0.06604020440058198,0.004361308597270647,0.06604020440058198,2.9095158747081027,4.1504332448672425,0.47376553846153846,0.1996700786153846,-0.27409545984615385,90.0,1120.9195463654182,7.233739144473288,314014.21904372115,161724.90183986526,151628.4502246273,660.8669792285552
NORMAL_2_X098,NORMAL_2.mat,X098,Healthy,0,72,432000,444000,0.06595282773067836,0.004349775485672535,0.06595282773067836,2.9335494234770265,4.12656355911998,0.47626892307692303,0.20411038753846153,-0.27215853553846153,90.0,1107.1898031663277,7.224168310846608,313183.8353084254,164119.38696171285,148419.34963701348,645.0987096991123
NORMAL_2_X098,NORMAL_2.mat,X098,Healthy,0,73,438000,450000,0.06373497293362057,0.004062146774849347,0.06373497293362057,2.8693863125469656,3.6719869217955967,0.4391353846153846,0.20510139753846154,-0.23403398707692308,90.0,1113.0068902233475,6.981234732233706,292474.5679576639,152862.50605738172,138961.87070525566,650.1911950264857
NORMAL_2_X098,NORMAL_2.mat,X098,Healthy,0,74,444000,456000,0.06288120837873458,0.00395404636716984,0.06288120837873458,2.8481912860843948,3.7326183530719415,0.4314166153846154,0.19670506292307693,-0.23471155246153846,90.0,1151.606553947718,6.88771730419169,284691.3386244323,143618.43692493223,140393.5583623806,679.3433371193778
NORMAL_2_X098,NORMAL_2.mat,X098,Healthy,0,75,450000,462000,0.06371731609981827,0.004059896370964162,0.06371731609981827,2.921144880088603,3.5622953872009413,0.4426818461538462,0.21570194492307695,-0.22697990123076922,90.0,1133.24366376287,6.97930069813019,292312.54004775826,150001.41171491676,141649.4588751205,661.6694577209752
NORMAL_2_X098,NORMAL_2.mat,X098,Healthy,0,76,456000,468000,0.0653670683133499,0.004272853619882153,0.0653670683133499,2.9120517215420785,3.4888006599931773,0.4433076923076923,0.21525502123076926,-0.22805267107692306,90.0,1121.6302106571823,7.160006925107785,307645.4607047162,164498.62646007867,142468.5413747497,678.292869887796
NORMAL_2_X098,NORMAL_2.mat,X098,Healthy,0,77,462000,474000,0.06574772835638425,0.004322763784024894,0.06574772835638425,2.9401636598730887,3.9521805010137068,0.46729846153846155,0.20745157153846153,-0.25984689,90.0,1107.8780306899043,7.201702669216758,311238.9925361584,160389.94309544264,150171.60712240546,677.4423183104014
NORMAL_2_X098,NORMAL_2.mat,X098,Healthy,0,78,468000,480000,0.06482799461461178,0.004202668885752134,0.06482799461461178,2.9973896360852827,4.038823690506157,0.48398769230769234,0.22215885184615383,-0.2618288404615385,90.0,1121.331759681973,7.1009592861515225,302592.1603242728,150114.7165228629,151812.2153491613,665.2284522486532
NORMAL_2_X099,NORMAL_2.mat,X099,Healthy,0,0,0,12000,0.06298143720909079,0.0039666614329226454,0.06298143720909079,2.9256533477242432,3.9780618400981513,0.46145723076923073,0.21091317876923077,-0.25054405199999996,2102.0,1121.7692337714557,6.898695935353687,285599.6256564014,142565.5174958568,142470.9041649124,563.2039956321992
NORMAL_2_X099,NORMAL_2.mat,X099,Healthy,0,1,6000,18000,0.06273985481889854,0.003936289382696467,0.06273985481889854,2.8958386905553644,3.992227388607078,0.4614572307692308,0.210985464,-0.2504717667692308,2102.0,1114.2324959324158,6.872234088545353,283412.8358079564,144622.618438179,138216.84632965375,573.3710401236807
NORMAL_2_X099,NORMAL_2.mat,X099,Healthy,0,2,12000,24000,0.06351736715547543,0.00403445593036347,0.06351736715547543,2.8943440530324693,3.78684667975183,0.4297476923076923,0.18921716138461536,-0.24053053092307694,2102.0,1117.5684146883439,6.957399219532427,290480.8288036025,146899.4315851291,142985.96348727713,595.4337311962721
NORMAL_2_X099,NORMAL_2.mat,X099,Healthy,0,3,18000,30000,0.06423751204445435,0.004126457953661419,0.06423751204445435,2.9337257713514675,3.764837311611911,0.4662553846153846,0.22441160246153846,-0.24184378215384614,2102.0,1108.3385676004232,7.036280548504106,297104.9729875007,150470.36350280698,146067.0064563532,567.6030283405294
NORMAL_2_X099,NORMAL_2.mat,X099,Healthy,0,4,24000,36000,0.06324333188866735,0.003999719028380128,0.06324333188866735,2.969569643763261,3.8378337540721637,0.4662553846153846,0.22353799076923075,-0.24271739384615384,2102.0,1109.8905731401753,6.927382657847515,287979.7715599672,145158.8512745915,142276.80887341892,544.1114119568547
NORMAL_2_X099,NORMAL_2.mat,X099,Healthy,0,5,30000,42000,0.06331618022957156,0.004008938678863589,0.06331618022957156,2.8941850486811087,3.8528243521414485,0.46542092307692307,0.221474802,-0.24394612107692307,2102.0,1097.0966886378626,6.9353621113306865,288643.5849393027,149106.93057437346,139016.2593639963,520.3950009329665
NORMAL_2_X099,NORMAL_2.mat,X099,Healthy,0,6,36000,48000,0.06327040948743796,0.004003144716708079,0.06327040948743796,2.8630833996070097,4.590553696462519,0.5121507692307692,0.22170455707692308,-0.29044621215384614,2102.0,1117.1904511721432,6.930348618172044,288226.42154836433,148956.29389182874,138698.14976565057,571.9778908850175
NORMAL_2_X099,NORMAL_2.mat,X099,Healthy,0,7,42000,54000,0.06293229594341854,0.003960473872710013,0.06293229594341854,2.961449510123968,4.593312459666593,0.48023261538461537,0.1911649163076923,-0.2890676990769231,2102.0,1115.3915882470044,6.893313201714285,285154.1191484676,142257.52986424253,142306.09424867923,590.4950355457595
NORMAL_2_X099,NORMAL_2.mat,X099,Healthy,0,8,48000,60000,0.06345349412459836,0.004026345916620438,0.06345349412459836,2.935930473593227,4.31004062350422,0.48127569230769224,0.2077885549230769,-0.27348713738461533,2102.0,1109.9793505231573,6.950402844257214,289896.90628445003,143992.07832448918,145352.2877239706,552.5402359902589
NORMAL_2_X099,NORMAL_2.mat,X099,Healthy,0,9,54000,66000,0.06367352152598735,0.0040543173435203745,0.06367352152598735,2.8613755979561493,4.060449417345868,0.4831532307692308,0.22461011738461537,-0.2585431133846154,2102.0,1107.3362400459575,6.974503635980058,291910.8495107626,149349.0732022092,141997.65138211427,564.1249264391453
NORMAL_2_X099,NORMAL_2.mat,X099,Healthy,0,10,60000,72000,0.06417207062875695,0.00411805464878217,0.06417207062875695,2.9729585659805178,4.312115651532844,0.5019286153846153,0.2252112252307692,-0.2767173901538461,2102.0,1097.3589536477325,7.029112403783018,296499.9355312827,156712.13849807344,139222.02564180532,565.7713914038898
NORMAL_2_X099,NORMAL_2.mat,X099,Healthy,0,11,66000,78000,0.06313945561291194,0.003986590855094877,0.06313945561291194,3.028806307087181,4.4782907543059425,0.4983821538461538,0.2156253135384615,-0.2827568403076923,2102.0,1117.0998408293833,6.916004525487918,287034.5426980127,148691.55102655324,137784.7742483003,558.217423159226
NORMAL_2_X099,NORMAL_2.mat,X099,Healthy,0,12,72000,84000,0.062500709361891,0.00390633867073957,0.062500709361891,2.9891945254883874,4.525099493920531,0.490872,0.20805007169230766,-0.2828219283076923,2102.0,1100.8759380924967,6.846039200633482,281256.38467239856,147243.9319062737,133455.30192953072,557.1508365940682
NORMAL_2_X099,NORMAL_2.mat,X099,Healthy,0,13,78000,90000,0.06315616378557214,0.003988701024110013,0.06315616378557214,2.973177393988485,4.004619283706222,0.45978830769230766,0.2068719163076923,-0.25291639138461536,2102.0,1109.159304381592,6.917834649325976,287186.4738487257,152883.87265952176,133701.28040538644,601.3207838175529
NORMAL_2_X099,NORMAL_2.mat,X099,Healthy,0,14,84000,96000,0.06322521208269927,0.003997427442902301,0.06322521208269927,2.9276674589063942,3.7313314163586577,0.44268184615384615,0.206767626,-0.23591422015384614,2102.0,1097.4531189538795,6.92539788094947,287814.7759925659,149378.39079602156,137837.1249501973,599.2602463470369
NORMAL_2_X099,NORMAL_2.mat,X099,Healthy,0,15,90000,102000,0.06382131691653319,0.004073160492960566,0.06382131691653319,2.9675874391899275,3.6929614501917882,0.47126215384615383,0.23557249076923076,-0.23568966307692307,2102.0,1107.6986866096997,6.990692491801873,293267.55887112545,148986.8602931823,143722.66102393804,558.0375540050222
NORMAL_2_X099,NORMAL_2.mat,X099,Healthy,0,16,96000,108000,0.06378706554824859,0.004068789731256562,0.06378706554824859,2.9375121303849507,3.999181844547847,0.4914978461538461,0.2364017716923077,-0.2550960744615384,2102.0,1092.0731959818722,6.986940715140606,292952.86068189406,148804.87098876265,143580.55228183162,567.4374112997767
NORMAL_2_X099,NORMAL_2.mat,X099,Healthy,0,17,102000,114000,0.06280314749893967,0.003944235335773573,0.06280314749893967,2.9048755593552014,4.060557511196986,0.4460196923076923,0.1910039,-0.2550157923076923,2102.0,1118.4035301669549,6.879166886937961,283984.94528712064,143734.18305497617,139645.64494650756,605.1172856369699
NORMAL_2_X099,NORMAL_2.mat,X099,Healthy,0,18,108000,120000,0.0629572828151803,0.003963619459470598,0.0629572828151803,2.93113921207538,3.6792705188962334,0.4568676923076923,0.23163687461538462,-0.22523081769230768,2102.0,1098.4764830689599,6.89605014453145,285380.60108294926,148760.594486418,136072.74397303403,547.2626234972206
NORMAL_2_X099,NORMAL_2.mat,X099,Healthy,0,19,114000,126000,0.06437595728278762,0.004144263876075298,0.06437595728278762,3.020980973663977,5.411971598739695,0.5778646153846153,0.3484008524615384,-0.2294637629230769,2102.0,1080.9942672862603,7.051445199626264,298386.99929939705,158394.55230436768,139473.77905459175,518.6679404375953
NORMAL_2_X099,NORMAL_2.mat,X099,Healthy,0,20,120000,132000,0.06371560651208762,0.004059678513203181,0.06371560651208762,3.0473905685455716,5.463806684438019,0.5910073846153846,0.34812975676923075,-0.24287762784615385,2102.0,1098.2649249944595,6.979113430128222,292296.85364784725,151794.89615437022,139972.23434150626,529.7231519706977
NORMAL_2_X099,NORMAL_2.mat,X099,Healthy,0,21,126000,138000,0.06232537204253175,0.003884452000239999,0.06232537204253175,2.8542090634163384,3.8961576080433487,0.4622916923076923,0.21946221984615386,-0.24282947246153846,2102.0,1104.3639122254813,6.826833563010449,279680.54463877267,143765.5302908306,135397.34961990852,517.6647280335119
NORMAL_2_X099,NORMAL_2.mat,X099,Healthy,0,22,132000,144000,0.06262004794149295,0.003921270404194876,0.06262004794149295,2.787273394542241,3.516358364765718,0.4314166153846154,0.2201945293846154,-0.211222086,2102.0,1114.7662378780287,6.8591110053722435,282331.4701078958,145342.6773650768,136440.43632655725,548.3564162616752
NORMAL_2_X099,NORMAL_2.mat,X099,Healthy,0,23,138000,150000,0.06330228087240866,0.004007178763649315,0.06330228087240866,2.927674521995924,4.288122021356919,0.46917600000000004,0.1977280953846154,-0.27144790461538465,2102.0,1090.2341705578974,6.9338396395506745,288516.8710141724,150199.8287540287,137765.43071250408,551.6115476395993
NORMAL_2_X099,NORMAL_2.mat,X099,Healthy,0,24,144000,156000,0.06384473384020024,0.0040761500391260095,0.06384473384020024,2.9472374906584804,4.261667595973807,0.46917600000000004,0.1970909666153846,-0.2720850333846154,2102.0,1088.6498678749385,6.9932574431237935,293482.8036445039,152730.5596398468,140196.28825792382,555.9557467332176
NORMAL_2_X099,NORMAL_2.mat,X099,Healthy,0,25,150000,162000,0.06324358714428696,0.003999751314877019,0.06324358714428696,2.9241341628995627,3.7396510622149126,0.44163876923076917,0.20512982138461539,-0.2365089478461538,2102.0,1099.356193372379,6.927410600102713,287982.094752115,143326.27441381666,144099.10883547374,556.7115028246004
NORMAL_2_X099,NORMAL_2.mat,X099,Healthy,0,26,156000,168000,0.06291005902508601,0.003957675526539806,0.06291005902508601,2.954154189660768,3.765959845238855,0.4645864615384615,0.2276697053846154,-0.2369167561538461,2102.0,1116.462800005115,6.890877472265707,284952.6382190119,136998.9089873117,147399.24620586395,554.4830258362597
NORMAL_2_X099,NORMAL_2.mat,X099,Healthy,0,27,162000,174000,0.06363574254693387,0.004049507729499649,0.06363574254693387,2.963279579700575,3.5926823354286306,0.4549901538461538,0.2263671456923077,-0.22862300815384615,2102.0,1107.8245220838116,6.970365492751418,291564.55661034083,143447.14305678784,147579.12284439558,538.2907091574381
NORMAL_2_X099,NORMAL_2.mat,X099,Healthy,0,28,168000,180000,0.0630526471838256,0.003975636316887989,0.0630526471838256,2.9758992653086134,3.728654025898073,0.44080430769230766,0.20570280092307688,-0.23510150676923078,2102.0,1099.6740192740485,6.9064959174028315,286245.814828469,143245.07773409423,142472.7338908398,528.0032035350021
NORMAL_2_X099,NORMAL_2.mat,X099,Healthy,0,29,174000,186000,0.06262811283676004,0.003922280517493947,0.06262811283676004,2.8635478779684314,3.766837812111522,0.44080430769230766,0.20489436415384613,-0.23590994353846154,2102.0,1099.7425743946242,6.859994384629573,282404.1972658528,144015.74542708526,137853.92244647216,534.5293922954256
NORMAL_2_X099,NORMAL_2.mat,X099,Healthy,0,30,180000,192000,0.06333660890391062,0.004011526027446929,0.06333660890391062,2.9087534560312864,3.8336048815221253,0.44768861538461535,0.20488108230769228,-0.24280753307692307,2102.0,1098.2309310229055,6.937599776275359,288829.8742253112,146857.9497777803,141441.95164276895,529.9728047620272
NORMAL_2_X099,NORMAL_2.mat,X099,Healthy,0,31,186000,198000,0.06417275510529111,0.004118142497803666,0.06417275510529111,3.0013076501783154,3.7796443087668905,0.4848221538461538,0.2422719652307692,-0.2425501886153846,2102.0,1098.5166754975992,7.029187368484663,296506.2598426473,149583.6196186269,146369.49510302715,553.1451209931935
NORMAL_2_X099,NORMAL_2.mat,X099,Healthy,0,32,192000,204000,0.06400971760657144,0.004097243948073022,0.06400971760657144,2.9633450163319224,3.848691900230591,0.4887858461538461,0.24243216446153842,-0.24635368169230767,2102.0,1106.4437333476899,7.011329014461523,295001.5660287289,149633.6528049137,144801.43608172727,566.4771420879565
NORMAL_2_X099,NORMAL_2.mat,X099,Healthy,0,33,198000,210000,0.06280109470229667,0.003943977495806835,0.06280109470229667,2.856920963886333,3.9021566607681417,0.4551987692307692,0.21013905923076923,-0.24505971,2102.0,1097.8050989218618,6.878942023726338,283966.380038095,147534.6100781123,135908.87240520347,522.8975547792406
NORMAL_2_X099,NORMAL_2.mat,X099,Healthy,0,34,204000,216000,0.06208680527174616,0.003854771388851727,0.06208680527174616,2.7829506182143064,3.6336788160681017,0.4297476923076923,0.20414418323076924,-0.22560350907692306,2102.0,1110.2054397319755,6.8007020854387585,277543.5426782014,145194.50017638106,131808.3815129124,540.6609889079808
NORMAL_2_X099,NORMAL_2.mat,X099,Healthy,0,35,210000,222000,0.06277094958643638,0.003940192111982937,0.06277094958643638,2.94832200003,4.0542098898934,0.47439138461538466,0.25448660461538464,-0.21990478,2102.0,1092.388042839235,6.875640062920572,283693.8320753053,145771.9144642472,137374.79966105707,547.1179500010185
NORMAL_2_X099,NORMAL_2.mat,X099,Healthy,0,36,216000,228000,0.0625224084206295,0.0039090515547160025,0.0625224084206295,3.005219747266877,4.085224462007943,0.47439138461538466,0.2554180723076923,-0.21897331230769232,2102.0,1115.3295149274006,6.848416048576008,281451.715048735,142693.265192155,138192.3614316433,566.0884249366787
NORMAL_2_X099,NORMAL_2.mat,X099,Healthy,0,37,222000,234000,0.06312073464957678,0.003984227142702282,0.06312073464957678,2.9354883459611134,4.588499322087652,0.5052664615384616,0.21563701338461536,-0.28962944815384617,2102.0,1097.320271440663,6.913953903985413,286864.3542771973,146496.1842726629,139805.67831128303,562.4916932512986
NORMAL_2_X099,NORMAL_2.mat,X099,Healthy,0,38,228000,240000,0.06479072052950942,0.004197837466732993,0.06479072052950942,3.053055176694576,5.228209977676539,0.5570030769230769,0.21826358538461538,-0.33873949153846156,2102.0,1085.7760540513332,7.096876462343516,302244.2987861143,159777.1626514254,141916.37442490982,550.761709779111
NORMAL_2_X099,NORMAL_2.mat,X099,Healthy,0,39,234000,246000,0.06458698516537582,0.004171478652752476,0.06458698516537582,3.022564054184121,5.251643001165609,0.5570030769230769,0.2178152883076923,-0.3391877886153846,2102.0,1096.8207406613496,7.074560229100069,300346.4640134216,155941.91477570968,143872.87168536067,531.6775523512232
NORMAL_2_X099,NORMAL_2.mat,X099,Healthy,0,40,240000,252000,0.06283689159511995,0.003948474945336855,0.06283689159511995,2.8792118452185655,3.584269445773981,0.42223753846153844,0.19701318784615385,-0.2252243506153846,2102.0,1101.3907044370928,6.882863049613015,284290.19636212883,143069.17907876376,140689.63118640965,531.3860969553897
NORMAL_2_X099,NORMAL_2.mat,X099,Healthy,0,41,246000,258000,0.06215817703774845,0.0038636389726560793,0.06215817703774845,2.8173929050494433,3.501420439064468,0.4136843076923077,0.19604239615384617,-0.21764191153846152,2102.0,1114.9950063975746,6.808519806231148,278182.00765300286,144475.37763630503,133124.57396003223,582.0560566655793
NORMAL_2_X099,NORMAL_2.mat,X099,Healthy,0,42,252000,264000,0.06255632360197946,0.003913293622595573,0.06255632360197946,2.8539980549648445,4.091164715344051,0.4514436923076923,0.19551546846153847,-0.2559282238461538,2102.0,1100.6090571714935,6.852130923794565,281757.1408791274,143023.78036948817,138171.98488371185,561.3756259273994
NORMAL_2_X099,NORMAL_2.mat,X099,Healthy,0,43,258000,270000,0.06376606208923763,0.004066110674368508,0.06376606208923763,2.855773937357028,4.015539077691412,0.45791076923076923,0.20185565507692307,-0.25605511415384613,2102.0,1107.2857522461338,6.984640099800785,292759.96913979447,147640.63195806998,144579.6004598731,539.7367218514119
NORMAL_2_X099,NORMAL_2.mat,X099,Healthy,0,44,264000,276000,0.06302736826504253,0.003972449150417291,0.06302736826504253,2.839975320892155,3.3857098472503653,0.41410153846153847,0.20070915707692308,-0.2133923813846154,2102.0,1095.738985365884,6.903726984184041,286016.33907917736,145683.39207575083,139786.7380167935,546.2089866329652
NORMAL_2_X099,NORMAL_2.mat,X099,Healthy,0,45,270000,282000,0.062390184208767525,0.0038925350856039444,0.062390184208767525,2.895020653436332,3.757847812125298,0.43120800000000004,0.1967551827692308,-0.23445281723076922,2102.0,1103.0274307265536,6.833932782024131,280262.52625261364,143951.05474889695,135743.08748616168,568.3840175550297
NORMAL_2_X099,NORMAL_2.mat,X099,Healthy,0,46,276000,288000,0.06339797085370882,0.004019302708367714,0.06339797085370882,2.919695167825996,3.6894101389708065,0.431208,0.19730688353846154,-0.23390111646153844,2102.0,1092.4925099021893,6.944321090535145,289389.7960461158,150980.30298108578,137853.62002401782,555.8730410122591
NORMAL_2_X099,NORMAL_2.mat,X099,Healthy,0,47,282000,294000,0.06312416374627439,0.003984660048666461,0.06312416374627439,2.905974667902564,3.8937964607131663,0.4428904615384615,0.1970978161538461,-0.2457926453846154,2102.0,1104.3589018236066,6.9143295132715075,286895.5236612025,144132.42399490482,142229.38599285748,533.7136734402005
NORMAL_2_X099,NORMAL_2.mat,X099,Healthy,0,48,288000,300000,0.06257512736775225,0.003915646565090417,0.06257512736775225,2.8885480704753244,3.908214997144251,0.4428904615384615,0.19833341030769228,-0.24455705123076923,2102.0,1102.0430856434339,6.85419060115063,281926.5527102067,139879.62573768862,141495.58464555338,551.3423269647923
NORMAL_2_X099,NORMAL_2.mat,X099,Healthy,0,49,294000,306000,0.06207208008013561,0.0038529431254747675,0.06207208008013561,2.930866630361111,3.551076741073202,0.4282873846153846,0.20786466476923077,-0.22042271984615386,2102.0,1142.6463715501002,6.799089208201818,277411.91198057967,142317.02495000314,134469.20921251818,625.677818058347
NORMAL_2_X099,NORMAL_2.mat,X099,Healthy,0,50,300000,312000,0.06326057148194955,0.004001899904222848,0.06326057148194955,2.919995997789466,4.046526174312025,0.4652123076923076,0.20922674938461536,-0.25598555830769226,2102.0,1095.5711987552233,6.929270986626889,288136.7932330612,148174.25777377462,139427.8933968932,534.6420623933764
NORMAL_2_X099,NORMAL_2.mat,X099,Healthy,0,51,306000,318000,0.0636502463766202,0.004051353863804453,0.0636502463766202,2.9112352697702453,4.039929444042988,0.4723052307692307,0.2151627263076923,-0.2571425044615384,2102.0,1127.2549242861185,6.971954221686638,291697.48216143413,145497.7754530073,145620.3397773897,579.3669310371358
NORMAL_2_X099,NORMAL_2.mat,X099,Healthy,0,52,312000,324000,0.06244105634656334,0.003898885517674698,0.06244105634656334,2.8875586063575045,3.594695374981392,0.43830092307692303,0.2138443466153846,-0.22445657646153844,2102.0,1113.1740476726497,6.839505080084785,280719.757272774,141083.33202517414,139084.07904698903,552.3462006108634
NORMAL_2_X099,NORMAL_2.mat,X099,Healthy,0,53,318000,330000,0.06222399256865017,0.0038718252511834314,0.06222399256865017,2.8369464892040517,3.7060364563548513,0.4314166153846154,0.20081223046153845,-0.23060438492307692,2102.0,1107.3893948108134,6.8157289168533435,278771.41816885315,140545.95403708977,137670.81903526786,554.6450964955316
NORMAL_2_X099,NORMAL_2.mat,X099,Healthy,0,54,324000,336000,0.06317680231667427,0.00399130835096014,0.06317680231667427,2.9330158899476837,3.6769227374790687,0.4337113846153846,0.2014151636923077,-0.2322962209230769,2102.0,1106.4053036360056,6.920095306459478,287374.2020219455,146329.62100352978,140479.7815119322,564.7995064834779
NORMAL_2_X099,NORMAL_2.mat,X099,Healthy,0,55,330000,342000,0.06414559165073586,0.004114656928222953,0.06414559165073586,3.0020976581381777,3.8127455612849652,0.4593710769230769,0.21480025707692307,-0.24457081984615384,2102.0,1083.1202937224405,7.0262120102802585,296255.29893565277,155132.05231974018,140589.38264328567,533.8639726269107
NORMAL_2_X099,NORMAL_2.mat,X099,Healthy,0,56,336000,348000,0.06264434097337539,0.003924313455988519,0.06264434097337539,2.9439690795774163,3.9146483494863697,0.4593710769230769,0.2141405109230769,-0.24523056599999998,2102.0,1114.6473825114201,6.861771971542853,282550.571451296,144531.31641370984,137486.57894262567,532.6760949605007
NORMAL_2_X099,NORMAL_2.mat,X099,Healthy,0,57,342000,354000,0.062060524456060355,0.003851508695761265,0.062060524456060355,2.8039483030323393,3.7569264997816445,0.46124861538461537,0.22809178646153844,-0.2331568289230769,2102.0,1112.1739403484646,6.797823387712924,277308.6272660314,143592.6815404187,133174.86966060847,541.0760650042462
NORMAL_2_X099,NORMAL_2.mat,X099,Healthy,0,58,348000,360000,0.06285839229694856,0.003951177482157083,0.06285839229694856,2.8218288233867046,3.640392019694969,0.45540738461538455,0.22882918969230767,-0.2265781949230769,2102.0,1104.3555697942747,6.885218136651553,284484.77896444214,148809.17472078407,135133.23489478204,542.3693488760846
NORMAL_2_X099,NORMAL_2.mat,X099,Healthy,0,59,354000,366000,0.06232773311619374,0.003884746315403474,0.06232773311619374,2.8257889568399577,3.4822500463856696,0.431208,0.21704075153846153,-0.21416724846153845,2102.0,1113.0328588134198,6.827092203221886,279701.73689570965,142498.99660945198,136663.51115802123,539.2291282364628
NORMAL_2_X099,NORMAL_2.mat,X099,Healthy,0,60,360000,372000,0.06239151333987169,0.003892700936839387,0.06239151333987169,2.8451503981372754,4.2014191249452555,0.4687587692307692,0.20662587184615383,-0.26213289738461537,2102.0,1107.3659816610914,6.834078367882943,280274.46745733183,142772.17718326315,136976.6077457967,525.6825282719856
NORMAL_2_X099,NORMAL_2.mat,X099,Healthy,0,61,366000,378000,0.06240840679425296,0.0038948092385969594,0.06240840679425296,2.9049688033800187,4.206931111303687,0.4687587692307692,0.20621090107692305,-0.2625478681538461,2102.0,1104.0396854205526,6.835928799758095,280426.26525472826,143169.22735026196,136739.00557923838,518.0323252278986
NORMAL_2_X099,NORMAL_2.mat,X099,Healthy,0,62,372000,384000,0.06262273000130762,0.003921606312816673,0.06262273000130762,2.898233370483694,3.7742533887354854,0.444768,0.20841394907692307,-0.23635405092307693,2102.0,1098.5046365861335,6.859404780287425,282355.65507291973,146248.7008783992,135565.44247423505,541.5117202854884
NORMAL_2_X099,NORMAL_2.mat,X099,Healthy,0,63,378000,390000,0.06290217960626156,0.003956684199218388,0.06290217960626156,2.934263605998465,4.115204082336909,0.4672984615384615,0.20844315523076923,-0.25885530630769227,2102.0,1096.9213347064,6.890014394485502,284881.2624356607,147379.1311953817,136955.70343476147,546.4278055175564
NORMAL_2_X099,NORMAL_2.mat,X099,Healthy,0,64,384000,396000,0.06250260533192953,0.003906575673278945,0.06250260533192953,2.8984526874737164,4.123204937623643,0.46250030769230766,0.20478925676923077,-0.2577110509230769,2102.0,1097.2443998534864,6.846246871990665,281273.4484896841,143964.76504823903,136792.1998439926,516.4835974524565
NORMAL_2_X099,NORMAL_2.mat,X099,Healthy,0,65,390000,402000,0.06229444302053499,0.00388059763123868,0.06229444302053499,2.8562113014425097,3.586508220689357,0.4282873846153846,0.20486785261538462,-0.22341953199999998,2102.0,1104.5094190933532,6.8234457406255915,279403.03006334446,143295.44027458655,135578.03200172147,529.5577870364893
NORMAL_2_X099,NORMAL_2.mat,X099,Healthy,0,66,396000,408000,0.0627160184309288,0.003933298967828602,0.0627160184309288,2.885007858356862,3.6236137824325447,0.4282873846153846,0.20102875584615384,-0.22725862876923075,2102.0,1093.2177170366383,6.869623157883603,283197.52571031544,146746.01639273937,135921.5752113011,529.9341062750419
NORMAL_2_X099,NORMAL_2.mat,X099,Healthy,0,67,402000,414000,0.06338391585855187,0.004017520789563983,0.06338391585855187,2.95132906083747,3.7119102202245426,0.46291753846153844,0.23527540507692307,-0.22764213338461536,2102.0,1105.436235654703,6.942781580836341,289261.49869128136,148440.33165125595,140289.8639146135,531.3031254118887
NORMAL_2_X099,NORMAL_2.mat,X099,Healthy,0,68,408000,420000,0.06381801572762592,0.00407273913141151,0.06381801572762592,2.938457584165803,3.6940258242485786,0.44956615384615384,0.23574539815384615,-0.21382075569230768,2102.0,1095.238345188506,6.990330854750125,293237.2174786886,148966.31322088288,143731.18233370103,539.721924104648
NORMAL_2_X099,NORMAL_2.mat,X099,Healthy,0,69,414000,426000,0.06294037656790438,0.003961491002509606,0.06294037656790438,2.924387873720958,3.71676212874098,0.45332123076923075,0.21938682276923077,-0.23393440799999998,2102.0,1103.7082083489229,6.894198318964664,285227.35273775243,148197.47638307893,136463.60271212974,566.273642543781
NORMAL_2_X099,NORMAL_2.mat,X099,Healthy,0,70,420000,432000,0.062491625191839525,0.0039052032191173526,0.062491625191839525,2.9690095621276598,3.956844203683949,0.4812756923076923,0.24726962492307691,-0.23400606738461538,2102.0,1106.5599751238308,6.845044163610728,281174.63224028953,146366.14713939477,134255.77788048267,552.7072204121027
NORMAL_2_X099,NORMAL_2.mat,X099,Healthy,0,71,426000,438000,0.06311302905755958,0.00398325443682036,0.06311302905755958,2.939230942672922,3.907576485971957,0.4693846153846154,0.2466189883076923,-0.22276562707692307,2102.0,1108.4167650748436,6.913109869436282,286794.31948945083,146180.01296256174,140069.04663761286,545.2598892762054
NORMAL_2_X099,NORMAL_2.mat,X099,Healthy,0,72,432000,444000,0.06315808535886912,0.003988943746198197,0.06315808535886912,2.92031129339987,4.037070088143938,0.46208307692307693,0.20710945969230768,-0.2549736172307692,2102.0,1100.6584464114442,6.918045128262385,287203.9497284462,143532.08439948878,143109.46369196795,562.4016369894227
NORMAL_2_X099,NORMAL_2.mat,X099,Healthy,0,73,438000,450000,0.0628967146975296,0.003955996719742436,0.0628967146975296,2.9461697551227517,4.033079078449488,0.4660467692307692,0.21237934507692308,-0.25366742415384613,2102.0,1114.0913479393448,6.88941579562427,284831.7640799881,142948.8953358998,141314.42814289973,568.440601188582
NORMAL_2_X099,NORMAL_2.mat,X099,Healthy,0,74,444000,456000,0.06282153264258283,0.0039465449635631,0.06282153264258283,2.9228509465627446,3.9695798969399467,0.46250030769230766,0.2131252146153846,-0.24937509307692307,2102.0,1110.1590615559346,6.881180699238448,284151.237541246,141816.26514155563,141782.62505045225,552.3473492381221
NORMAL_2_X099,NORMAL_2.mat,X099,Healthy,0,75,450000,462000,0.06374391302865147,0.004063286448204283,0.06374391302865147,2.995642033695902,4.012448286574587,0.4622916923076923,0.2065225376923077,-0.2557691546153846,2102.0,1108.8002490489805,6.982213991152331,292556.62462167843,147929.35478042648,144083.35229348033,543.9175477715987
NORMAL_2_X099,NORMAL_2.mat,X099,Healthy,0,76,456000,468000,0.06424814238847158,0.0041278238003693195,0.06424814238847158,3.0347386123492694,3.976498722797507,0.5025544615384615,0.24707180538461537,-0.25548265615384613,2102.0,1096.4815042761568,7.037444946110261,297203.3138485667,153495.99367476688,143150.69895962067,556.6212141791046
NORMAL_2_X099,NORMAL_2.mat,X099,Healthy,0,77,462000,474000,0.06433665806743287,0.004139205571285775,0.06433665806743287,2.942761503122481,3.8401745926795496,0.4735569230769231,0.2470639996923077,-0.22649292338461538,2102.0,1124.5195252794388,7.047140605654828,298022.80648593046,155113.3734289381,142294.74325515694,614.6898018354082
NORMAL_2_X099,NORMAL_2.mat,X099,Healthy,0,78,468000,480000,0.06339424821291453,0.004018830706480617,0.06339424821291453,2.942401058548296,3.569533170936562,0.4514436923076923,0.22515582046153845,-0.22628787184615384,2102.0,1107.1013246105065,6.943913318033562,289355.81094235164,146590.27409206814,142182.18048690952,583.3563633739411
OR007@6_0_X130,OR007@6_0.mat,X130,Outer Race,3,0,0,12000,0.6755668051287351,0.45639050819184634,0.6755668051287351,7.623116988302507,5.201354354431894,6.760144011976047,3.5138623435711906,-3.246281668404857,3445.0,3204.7738591864363,73.99847123610557,32860118.245429747,215136.73052180448,8351924.875314512,24293056.63959343
OR007@6_0_X130,OR007@6_0.mat,X130,Outer Race,3,1,6000,18000,0.6610823069817465,0.4370298166043081,0.6610823069817465,7.550152528762258,5.2338903228334965,6.704916067864271,3.46003228911344,-3.2448837787508316,3337.0,3205.3479983227157,72.41190490930683,31466147.31953956,209534.7973020531,8046190.261217565,23210422.261019938
OR007@6_0_X130,OR007@6_0.mat,X130,Outer Race,3,2,12000,24000,0.6459745079041898,0.4172830648620601,0.6459745079041898,7.449053964306376,5.164971568617372,6.373142315369261,3.336439967381903,-3.0367023479873585,3444.0,3238.02329118555,70.75706817882926,30044382.74627821,197770.34883218986,7640702.711422813,22205909.68602321
OR007@6_0_X130,OR007@6_0.mat,X130,Outer Race,3,3,18000,30000,0.648801641885187,0.4209435705129144,0.648801641885187,7.593331262078348,5.08786056813567,6.511212175648702,3.301012290294411,-3.2101998853542915,3444.0,3214.0656008355486,71.0667369417517,30307937.078388356,197687.68285343668,7658019.99924612,22452229.3962888
OR007@6_0_X130,OR007@6_0.mat,X130,Outer Race,3,4,24000,36000,0.6741144159388904,0.4544302457766313,0.6741144159388904,7.666301335590985,4.911073691998942,6.613140219560878,3.3025146460412507,-3.3106255735196277,3337.0,3208.4798979725165,73.83938142545841,32718977.75001529,185115.00286270503,8260972.852952962,24272889.894199625
OR007@6_0_X130,OR007@6_0.mat,X130,Outer Race,3,5,30000,42000,0.6938930938697355,0.48148762572011355,0.6938930938697355,7.600894165046011,4.899443303194476,6.708976946107785,3.399689871897871,-3.3092870742099136,3445.0,3205.8287785874886,76.00584738068117,34667109.905168444,159966.04031211694,8755117.710837077,25752026.15401925
OR007@6_0_X130,OR007@6_0.mat,X130,Outer Race,3,6,36000,48000,0.6936830623616004,0.481196191007368,0.6936830623616004,7.619891854926836,4.95739903363548,6.700855189620759,3.4388637430056552,-3.261991446615103,3445.0,3200.5733555678817,75.98284060907604,34646125.79421255,156265.3315003891,8799235.91190235,25690624.550809808
OR007@6_0_X130,OR007@6_0.mat,X130,Outer Race,3,7,42000,54000,0.6807260507031989,0.4633879561059741,0.6807260507031989,7.564546689274329,5.052488770281966,6.651312475049901,3.439360726821357,-3.211951748228543,3337.0,3212.591130949076,74.56359018794998,33363933.619281024,171581.57794722664,8497530.351861209,24694821.689472586
OR007@6_0_X130,OR007@6_0.mat,X130,Outer Race,3,8,48000,60000,0.6647010263236086,0.4418274543956586,0.6647010263236086,7.4629401745701776,4.9299897574125895,6.458420758483034,3.2769692515219564,-3.1814515069610776,3337.0,3212.6247076268073,72.80828212276273,31811576.719952535,194590.96100609796,8087657.008521047,23529328.750425387
OR007@6_0_X130,OR007@6_0.mat,X130,Outer Race,3,9,54000,66000,0.6552241021651737,0.429318624058158,0.6552241021651737,7.4544092888652465,5.2559070828326115,6.624510678642714,3.443796999417831,-3.1807136792248834,3444.0,3224.7752382641374,71.77022361079877,30910940.947861485,212709.2408375496,7857667.049126495,22840564.65789744
OR007@6_0_X130,OR007@6_0.mat,X130,Outer Race,3,10,60000,72000,0.6542140589615864,0.427996034942994,0.6542140589615864,7.589412718336624,5.265797489073846,6.624104590818364,3.444958749001996,-3.1791458418163674,3444.0,3215.4822469775186,71.65958817730191,30815714.563020788,189332.95337727445,7827918.165321755,22798463.44432176
OR007@6_0_X130,OR007@6_0.mat,X130,Outer Race,3,11,66000,78000,0.6611525782052446,0.43712273166744214,0.6611525782052446,7.739081373933602,5.18723435483135,6.749585728542915,3.320032361086161,-3.4295533674567533,3337.0,3205.928805357504,72.41960184771297,31472836.98941941,156273.34263395763,7925248.053621197,23391315.593164254
OR007@6_0_X130,OR007@6_0.mat,X130,Outer Race,3,12,72000,84000,0.6766318995885022,0.45783072754074494,0.6766318995885022,7.830862766044937,5.336577771848829,7.039126347305389,3.610898755073187,-3.4282275922322025,3445.0,3203.3292899968437,74.1151349970762,32963812.467044607,145537.61973296836,8289699.680562423,24528575.166749217
OR007@6_0_X130,OR007@6_0.mat,X130,Outer Race,3,13,78000,90000,0.6918533969421773,0.47866112286043,0.6918533969421773,7.756136386629241,5.220980840052937,6.876285129740519,3.612153329565868,-3.264131800174651,3445.0,3179.354784570291,75.78242763966978,34463601.01010968,165007.8663231029,8722871.710853394,25575721.43293318
OR007@6_0_X130,OR007@6_0.mat,X130,Outer Race,3,14,84000,96000,0.6893690011473828,0.47522961974294026,0.6893690011473828,7.574140171690618,4.949814698651511,6.67608383233533,3.4122488146789753,-3.263835017656354,3445.0,3213.2604687385888,75.51029822747947,34216532.63555573,162541.51281623196,8646635.220677782,25407355.902061716
OR007@6_0_X130,OR007@6_0.mat,X130,Outer Race,3,15,90000,102000,0.6691198775966913,0.4477214105950112,0.6691198775966913,7.535369614459418,4.974701880536948,6.476694710578842,3.328671913389887,-3.1480227971889554,3445.0,3225.5920304468464,73.2923027414211,32235941.60848187,164899.98701056826,8177580.081246399,23893461.540224902
OR007@6_0_X130,OR007@6_0.mat,X130,Outer Race,3,16,96000,108000,0.650975701899598,0.4237693644636742,0.650975701899598,7.702112922794631,5.170831031190237,6.5262374251497,3.366085359938457,-3.160152065211244,3445.0,3233.856610153501,71.30487375300903,30511394.510616273,200181.66514803475,7719766.827077177,22591446.018391058
OR007@6_0_X130,OR007@6_0.mat,X130,Outer Race,3,17,102000,114000,0.6491188671925676,0.4213553037453623,0.6491188671925676,7.807523868414337,5.220099065841373,6.61679500998004,3.3884647922571522,-3.2283302177228874,3337.0,3217.1480152978484,71.10148435731361,30337581.88795768,197972.74151414185,7656395.330561759,22483213.81588178
OR007@6_0_X130,OR007@6_0.mat,X130,Outer Race,3,18,108000,120000,0.6613353067363049,0.43736438793600246,0.6613353067363049,7.87340138464923,5.124071185598329,6.61679500998004,3.388729189271457,-3.228065820708583,3349.0,3213.1816429797145,72.4396172491108,31490236.381333217,153136.6536648271,7992780.4183451375,23344319.30932325
OR007@6_3_X133,OR007@6_3.mat,X133,Outer Race,3,0,0,12000,0.5669222686370251,0.32140085867655127,0.5669222686370251,8.05652652575254,5.435815100389144,6.047459880239521,3.0816846286094477,-2.9657752516300735,3413.0,3180.129896634584,62.098048364830845,23140861.831935946,168709.7190214419,6807156.274500842,16164995.838413663
OR007@6_3_X133,OR007@6_3.mat,X133,Outer Race,3,1,6000,18000,0.5721829998243785,0.32739338528802475,0.5721829998243785,8.002551028734857,5.519760693388561,6.124210479041917,3.1583132318612774,-2.965897247180639,3413.0,3184.950505508866,62.67428457219855,23572323.74576819,172958.24227992445,7009214.225975811,16390151.277512453
OR007@6_3_X133,OR007@6_3.mat,X133,Outer Race,3,2,12000,24000,0.5768693485658816,0.3327782453148246,0.5768693485658816,7.967616975269607,5.5111878008400295,6.122992215568862,3.1792353165003324,-2.9437568990685294,3309.0,3179.0896936545064,63.18760561868728,23960033.696440384,172547.51162525135,7134376.821025917,16653109.363789218
OR007@6_3_X133,OR007@6_3.mat,X133,Outer Race,3,3,18000,30000,0.5759227135069769,0.3316869719332393,0.5759227135069769,8.072760041335894,5.520081516538508,6.027967664670658,3.179140325790086,-2.848827338880572,3309.0,3196.4102392309874,63.08391766998376,23881463.59222833,174587.34772088812,7093491.586901042,16613384.6576064
OR007@6_3_X133,OR007@6_3.mat,X133,Outer Race,3,4,24000,36000,0.576663248337321,0.33254050198295065,0.576663248337321,8.066689090826554,5.427341192869942,6.122992215568862,3.1297482021207585,-2.9932440134481038,3309.0,3197.1137076106143,63.16503047345378,23942916.26934878,184957.15625151212,7121161.058038631,16636798.055058638
OR007@6_3_X133,OR007@6_3.mat,X133,Outer Race,3,5,30000,42000,0.580705455572698,0.33721882613189474,0.580705455572698,8.00051235218217,5.389415455769052,6.122992215568862,3.129662957518297,-2.9933292580505655,3413.0,3197.4711807308286,63.60779709430079,24279757.05898963,185237.5829573043,7235303.5420801435,16859215.933952183
OR007@6_3_X133,OR007@6_3.mat,X133,Outer Race,3,6,36000,48000,0.5853041417769185,0.3425809383812151,0.5853041417769185,7.909137283141515,5.339142790640369,6.104312175648703,3.125022388905522,-2.9792897867431805,3413.0,3180.1422588195446,64.11151411973496,24665827.742592573,176555.26048649818,7384076.66125248,17105195.820853595
OR007@6_3_X133,OR007@6_3.mat,X133,Outer Race,3,7,42000,54000,0.5842732420827152,0.34137522141384724,0.5842732420827152,7.914458522857366,5.530338847029969,6.239133333333333,3.2312290079757156,-3.0079043253576176,3413.0,3188.1079294661267,63.99859389326399,24579015.941909872,173594.51156795898,7338388.833188035,17067032.59715388
OR007@6_3_X133,OR007@6_3.mat,X133,Outer Race,3,8,48000,60000,0.5826500446176097,0.3394810744929026,0.5826500446176097,7.980901754775532,5.546481687807907,6.239133333333333,3.2316578028775784,-3.0074755304557548,3309.0,3174.372373980487,63.820796544158114,24442637.523256473,175687.54922949235,7301472.615679617,16965477.35834736
OR007@6_3_X133,OR007@6_3.mat,X133,Outer Race,3,9,54000,66000,0.5828830503348393,0.3397526503676468,0.5828830503348393,7.8875658402930275,5.409034389182914,6.105936526946108,3.15283446413839,-2.9531020628077176,3309.0,3191.366966794231,63.846318712575,24462190.831299376,176866.226926577,7300244.861598748,16985079.74277405
OR007@6_3_X133,OR007@6_3.mat,X133,Outer Race,3,10,60000,72000,0.5827079003927469,0.3395484971801235,0.5827079003927469,7.934470137727482,5.3606524766361625,6.076698203592814,3.1236945494011974,-2.9530036541916167,3309.0,3180.532283209751,63.82713359103154,24447491.79766677,189712.48705178843,7308016.355897342,16949762.95471764
OR007@6_3_X133,OR007@6_3.mat,X133,Outer Race,3,11,66000,78000,0.5809028142404011,0.33744807959241796,0.5809028142404011,7.940709481701106,5.377086014521283,6.026749401197605,3.123564398253493,-2.9031850029441117,3309.0,3180.5528841902583,63.62941278630562,24296261.73135197,180780.62229670823,7276693.65906224,16838787.449993026
OR007@6_3_X133,OR007@6_3.mat,X133,Outer Race,3,12,72000,84000,0.5845385443264702,0.34168530980330886,0.5845385443264702,7.9888208981028,5.398126465878847,6.12542874251497,3.1554129864604126,-2.9700157560545577,3309.0,3194.705169197621,64.02765397803529,24601342.38406004,168112.67325393125,7365931.875854945,17067297.834951162
OR007@6_3_X133,OR007@6_3.mat,X133,Outer Race,3,13,78000,90000,0.5830870012866575,0.3399904510694665,0.5830870012866575,7.972050109570823,5.411525618945471,6.12542874251497,3.155390245542249,-2.9700384969727214,3309.0,3187.02592761873,63.86865861585916,24479312.525888354,173706.0057786073,7243651.187917894,17061955.33219185
OR007@6_3_X133,OR007@6_3.mat,X133,Outer Race,3,14,84000,96000,0.5759789764029782,0.3317517812582226,0.5759789764029782,7.915895626222408,5.167683794736445,5.9495927145708585,2.9731154920991347,-2.9764772224717233,3309.0,3211.429274378838,63.090078524821024,23886128.407616768,181180.66488092736,7153787.672460486,16551160.070275355
OR007@6_3_X133,OR007@6_3.mat,X133,Outer Race,3,15,90000,102000,0.5815015187345103,0.338144016290542,0.5815015187345103,7.928664536478357,5.118664938044227,5.9495927145708585,2.9730812791999335,-2.9765114353709246,3309.0,3191.8586437573626,63.69499213635163,24346369.191522628,179941.96677778964,7299442.51307161,16866984.71167323
OR007@6_3_X133,OR007@6_3.mat,X133,Outer Race,3,16,96000,108000,0.5862398225094002,0.3436771294958531,0.5862398225094002,7.847259024189027,5.133189064936417,5.937410079840319,3.009279846340652,-2.928130233499667,3309.0,3193.662778873998,64.21400403946788,24744753.326999564,177093.38466137092,7396510.773671548,17171149.168666646
OR007@6_3_X133,OR007@6_3.mat,X133,Outer Race,3,17,102000,114000,0.5841762976501257,0.34126194673620824,0.5841762976501257,7.987022968061733,5.3177827149604076,6.06289121756487,3.1065226181387224,-2.9563685994261477,3309.0,3191.115784793681,63.98797505595075,24570860.17151761,179314.87024497194,7341272.453025312,17050272.848247327
OR007@6_3_X133,OR007@6_3.mat,X133,Outer Race,3,18,108000,120000,0.5831788715278812,0.3400975961965329,0.5831788715278812,8.018132469143762,5.326879076822948,6.06289121756487,3.106523328792415,-2.956367888772455,3309.0,3188.8544844450935,63.87872159794937,24487026.92900293,171403.96097717853,7273610.362495706,17042012.605530046
